SKU_ID,Order_Date,Qty_Sold,Revenue,Warehouse
MM-1005,2026-01-18,72,341.87,WH-OHIO
MM-1038,2026-02-15,271,306.75,WH-NEVADA
MM-1026,01/04/2026,99,2370.8,WH-TEXAS
MM-1024,08/03/2025,58,142.59,WH-OHIO
MM-1025,09/28/25,0,0.0,WH-NEVADA
MM-1008,2026-06-14,62,492.8,WH-OHIO
MM-1025,28-Jun-2026,235,6913.93,WH-NEVADA
MM-1017,05/10/26,121,2002.96,WH-OHIO
MM-1014,02/08/2026,77,3163.18,WH-TEXAS
MM-1006,05/24/2026,194,1299.85,WH-TEXAS
MM-1027,07/13/25,98,1242.35,WH-OHIO
MM-1004,2025-11-30,168,1141.96,WH-OHIO
MM-1038,14-Sep-2025,209,239.27,WH-NEVADA
MM-1021,12/28/2025,64,109.85,WH-OHIO
MM-1007,06/28/26,82,413.89,WH-TEXAS
MM-1016,09/21/2025,121,1364.3,WH-TEXAS
MM-1013,21-Jun-2026,111,2666.33,WH-TEXAS
MM-1023,08-Mar-2026,104,180.61,WH-NEVADA
MM-1038,17-Aug-2025,234,264.11,WH-NEVADA
MM-1009,01/25/26,149,1360.92,WH-OHIO
MM-1002,2026-02-15,183,893.45,WH-NEVADA
MM-1037,04/19/26,88,146.73,WH-TEXAS
MM-1009,10/05/25,197,1815.6,WH-OHIO
MM-1011,07-Jun-2026,184,5846.28,WH-NEVADA
MM-1026,2025-12-14,60,1465.2,WH-TEXAS
MM-1004,05/17/26,130,877.36,WH-OHIO
MM-1020,28-Dec-2025,95,436.24,WH-TEXAS
MM-1038,08-Mar-2026,223,259.78,WH-NEVADA
MM-1007,11/02/2025,74,367.97,WH-TEXAS
MM-1022,05/03/26,68,169.7,WH-OHIO
MM-1026,2025-09-28,61,1443.78,WH-TEXAS
MM-1013,2025-09-14,101,2449.3,WH-TEXAS
MM-1010,11-Jan-2026,100,2767.88,WH-TEXAS
MM-1035,16-Nov-2025,144,275.29,WH-OHIO
MM-1030,28-Sep-2025,118,5549.15,WH-OHIO
MM-1034,2025-11-23,39,1642.98,WH-NEVADA
MM-1020,06/07/2026,49,216.75,WH-TEXAS
MM-1033,07-Jun-2026,147,7764.78,WH-OHIO
MM-1000,02/01/2026,92,629.03,WH-OHIO
MM-1004,2026-01-25,209,1397.96,WH-OHIO
MM-1020,2026-05-03,58,257.99,WH-TEXAS
MM-1024,2025-10-12,90,227.39,WH-OHIO
MM-1001,12-Oct-2025,134,869.21,WH-NEVADA
MM-1018,21-Dec-2025,182,1769.72,WH-OHIO
MM-1035,2026-04-12,216,406.34,WH-OHIO
MM-1038,07-Jun-2026,229,265.75,WH-NEVADA
MM-1015,17-Aug-2025,209,2434.01,WH-TEXAS
MM-1018,2026-02-08,141,1384.39,WH-OHIO
MM-1001,12-Oct-2025,134,869.21,WH-NEVADA
MM-1024,01/18/2026,64,157.81,WH-OHIO
MM-1020,03/22/26,106,484.83,WH-TEXAS
MM-1021,30-Nov-2025,47,81.3,WH-OHIO
MM-1012,11/30/25,35,1223.44,WH-OHIO
MM-1013,2025-07-13,100,2370.35,WH-TEXAS
MM-1027,30-Nov-2025,113,1413.25,WH-OHIO
MM-1012,14-Dec-2025,58,2046.73,WH-OHIO
MM-1039,2025-08-03,104,243.68,WH-NEVADA
MM-1039,2025-09-14,107,259.25,WH-NEVADA
MM-1038,07-Sep-2025,191,224.6,WH-NEVADA
MM-1028,2026-06-21,84,1013.61,WH-OHIO
MM-1032,05-Apr-2026,185,6983.21,WH-OHIO
MM-1019,06/14/2026,264,2368.07,WH-OHIO
MM-1019,2026-02-15,354,3271.55,WH-OHIO
MM-1023,01-Mar-2026,114,195.19,WH-NEVADA
MM-1030,04/05/2026,35,1592.98,WH-OHIO
MM-1007,01/04/2026,89,450.62,WH-TEXAS
MM-1030,05-Jul-2026,7,331.95,WH-OHIO
MM-1026,03/01/26,95,2269.25,WH-TEXAS
MM-1009,2025-12-14,135,1212.06,WH-OHIO
MM-1004,2026-03-15,189,1326.14,WH-OHIO
MM-1008,06/21/26,60,453.01,WH-OHIO
MM-1029,18-Jan-2026,50,610.31,WH-TEXAS
MM-1037,10-May-2026,103,173.16,WH-TEXAS
MM-1028,05/31/26,37,463.29,WH-OHIO
MM-1005,2025-10-12,47,231.26,WH-OHIO
MM-1018,14-Dec-2025,153,1454.38,WH-OHIO
MM-1002,08/31/25,192,926.89,WH-NEVADA
MM-1029,05-Oct-2025,73,855.56,WH-TEXAS
MM-1026,04/12/2026,94,2170.18,WH-TEXAS
MM-1025,2026-01-04,260,7385.92,WH-NEVADA
MM-1019,05-Jul-2026,266,2346.59,WH-OHIO
MM-1033,17-Aug-2025,118,6065.95,WH-OHIO
MM-1016,01/25/26,77,872.76,WH-TEXAS
MM-1034,12/14/2025,34,1433.98,WH-NEVADA
MM-1034,08/31/2025,52,2216.94,WH-NEVADA
MM-1025,2025-07-20,99,2890.41,WH-NEVADA
MM-1013,10/26/25,99,2378.73,WH-TEXAS
MM-1025,02/15/26,27,802.04,WH-NEVADA
MM-1018,02/22/2026,357,3464.55,WH-OHIO
MM-1032,03/01/26,0,0.0,WH-OHIO
MM-1007,03-May-2026,84,415.77,WH-TEXAS
MM-1036,09-Nov-2025,66,192.04,WH-OHIO
MM-1019,24-Aug-2025,287,2613.8,WH-OHIO
MM-1005,11/09/25,87,423.24,WH-OHIO
MM-1022,08/17/25,113,281.3,WH-OHIO
MM-1026,06/21/2026,17,397.7,WH-TEXAS
MM-1027,01/18/2026,209,2540.48,WH-OHIO
MM-1024,15-Mar-2026,80,197.73,WH-OHIO
MM-1014,13-Jul-2025,70,2922.87,WH-TEXAS
MM-1001,11/16/2025,116,747.24,WH-NEVADA
MM-1035,2025-08-31,182,346.16,WH-OHIO
MM-1002,08/17/25,60,287.19,WH-NEVADA
MM-1021,2026-03-22,86,144.78,WH-OHIO
MM-1030,09/21/2025,19,880.57,WH-OHIO
MM-1034,03/01/26,54,2303.83,WH-NEVADA
MM-1012,04/12/2026,66,2279.76,WH-OHIO
MM-1005,15-Feb-2026,53,255.64,WH-OHIO
MM-1004,2025-08-17,248,1729.75,WH-OHIO
MM-1008,2025-08-17,169,1327.44,WH-OHIO
MM-1026,19-Apr-2026,63,1514.43,WH-TEXAS
MM-1033,04/26/2026,389,19596.66,WH-OHIO
MM-1035,07-Jun-2026,150,294.44,WH-OHIO
MM-1023,01/18/26,105,178.68,WH-NEVADA
MM-1039,10/05/25,85,205.81,WH-NEVADA
MM-1008,01/18/2026,113,900.78,WH-OHIO
MM-1008,16-Nov-2025,67,519.39,WH-OHIO
MM-1013,06/14/26,103,2481.13,WH-TEXAS
MM-1039,07/20/25,98,228.14,WH-NEVADA
MM-1000,21-Dec-2025,117,817.55,WH-OHIO
MM-1016,03/29/2026,130,1522.46,WH-TEXAS
MM-1007,04/19/2026,96,465.27,WH-TEXAS
MM-1027,04/26/2026,154,1936.0,WH-OHIO
MM-1035,2026-02-22,208,390.14,WH-OHIO
MM-1020,06/21/2026,130,596.77,WH-TEXAS
MM-1029,2025-11-23,81,942.57,WH-TEXAS
MM-1022,02/01/2026,100,245.97,WH-OHIO
MM-1028,2026-03-01,191,2321.09,WH-OHIO
MM-1026,2026-02-22,104,2408.49,WH-TEXAS
MM-1008,2026-06-07,66,504.82,WH-OHIO
MM-1028,2026-06-07,7,87.68,WH-OHIO
MM-1005,2025-11-23,69,334.3,WH-OHIO
MM-1032,02/08/26,144,5184.23,WH-OHIO
MM-1028,26-Apr-2026,40,486.24,WH-OHIO
MM-1007,10/26/25,60,303.77,WH-TEXAS
MM-1039,2025-11-30,80,187.82,WH-NEVADA
MM-1012,05/10/2026,26,889.11,WH-OHIO
MM-1033,05/17/26,199,10261.37,WH-OHIO
MM-1027,03-May-2026,86,1099.72,WH-OHIO
MM-1012,08/03/2025,51,1728.35,WH-OHIO
MM-1025,02/22/2026,125,3665.17,WH-NEVADA
MM-1014,16-Nov-2025,62,2589.95,WH-TEXAS
MM-1011,03/22/2026,203,6645.46,WH-NEVADA
MM-1014,2025-08-17,72,3081.06,WH-TEXAS
MM-1002,09/28/2025,109,543.42,WH-NEVADA
MM-1012,02/01/2026,53,1814.97,WH-OHIO
MM-1039,19-Oct-2025,92,214.77,WH-NEVADA
MM-1012,05/24/2026,12,416.68,WH-OHIO
MM-1008,03/01/2026,100,755.74,WH-OHIO
MM-1039,11/02/2025,104,242.69,WH-NEVADA
MM-1020,26-Apr-2026,114,506.03,WH-TEXAS
MM-1034,2026-04-26,44,1793.34,WH-NEVADA
MM-1008,02/22/26,161,1245.04,WH-OHIO
MM-1029,03/22/26,102,1183.83,WH-TEXAS
MM-1020,10/12/2025,97,443.67,WH-TEXAS
MM-1015,09/14/2025,116,1275.65,WH-TEXAS
MM-1034,05-Oct-2025,44,1818.72,WH-NEVADA
MM-1034,28-Sep-2025,46,1978.17,WH-NEVADA
MM-1032,2025-10-05,213,7843.94,WH-OHIO
MM-1030,07-Jun-2026,93,4349.2,WH-OHIO
MM-1038,04/26/2026,205,236.67,WH-NEVADA
MM-1010,2026-05-10,101,2829.29,WH-TEXAS
MM-1023,12/07/25,72,122.39,WH-NEVADA
MM-1002,11/30/2025,166,830.92,WH-NEVADA
MM-1009,2026-05-31,122,1114.67,WH-OHIO
MM-1032,31-May-2026,140,5102.9,WH-OHIO
MM-1000,06/21/2026,133,901.89,WH-OHIO
MM-1030,01/11/26,64,2924.91,WH-OHIO
MM-1007,31-Aug-2025,122,610.66,WH-TEXAS
MM-1030,11/23/2025,48,2195.66,WH-OHIO
MM-1004,05/03/2026,135,915.66,WH-OHIO
MM-1033,2026-04-12,15,765.66,WH-OHIO
MM-1030,2025-10-05,80,3689.12,WH-OHIO
MM-1027,21-Sep-2025,102,1304.8,WH-OHIO
MM-1009,04/26/26,161,1475.02,WH-OHIO
MM-1012,2026-03-15,62,2214.81,WH-OHIO
MM-1008,11/09/2025,78,601.1,WH-OHIO
MM-1019,13-Jul-2025,201,1850.08,WH-OHIO
MM-1039,05/17/26,95,231.64,WH-NEVADA
MM-1013,18-Jan-2026,121,2938.41,WH-TEXAS
MM-1001,01/11/26,159,1060.99,WH-NEVADA
MM-1001,08/31/2025,196,1255.14,WH-NEVADA
MM-1017,05/31/2026,156,2673.4,WH-OHIO
MM-1020,31-May-2026,74,343.62,WH-TEXAS
MM-1001,07-Dec-2025,119,795.25,WH-NEVADA
MM-1036,02/08/26,91,269.21,WH-OHIO
MM-1001,2025-11-09,152,974.04,WH-NEVADA
MM-1003,24-May-2026,317,1631.62,WH-OHIO
MM-1012,2025-10-26,40,1433.25,WH-OHIO
MM-1036,2025-10-05,95,275.61,WH-OHIO
MM-1004,06/28/26,153,1066.38,WH-OHIO
MM-1012,05/31/26,46,1624.91,WH-OHIO
MM-1034,03/29/2026,58,2398.93,WH-NEVADA
MM-1024,27-Jul-2025,117,296.48,WH-OHIO
MM-1010,05/03/26,94,2669.23,WH-TEXAS
MM-1005,2025-07-13,70,351.14,WH-OHIO
MM-1011,2026-04-05,241,7744.22,WH-NEVADA
MM-1010,07/20/25,104,2809.69,WH-TEXAS
MM-1033,01/11/26,258,13339.67,WH-OHIO
MM-1038,28-Jun-2026,262,303.84,WH-NEVADA
MM-1013,28-Jun-2026,129,3225.18,WH-TEXAS
MM-1001,28-Dec-2025,121,776.08,WH-NEVADA
MM-1035,11/09/2025,170,324.22,WH-OHIO
MM-1026,07/20/2025,107,2501.15,WH-TEXAS
MM-1036,17-Aug-2025,71,204.71,WH-OHIO
MM-1013,03/15/26,96,2375.48,WH-TEXAS
MM-1036,03/01/2026,82,240.65,WH-OHIO
MM-1009,09/07/25,200,1792.08,WH-OHIO
MM-1016,04/05/26,61,688.25,WH-TEXAS
MM-1016,10-Aug-2025,68,781.3,WH-TEXAS
MM-1021,12/14/2025,60,101.55,WH-OHIO
MM-1022,10-May-2026,70,175.17,WH-OHIO
MM-1015,2026-03-22,203,2327.29,WH-TEXAS
MM-1021,08/10/2025,55,92.54,WH-OHIO
MM-1000,02/08/26,86,582.34,WH-OHIO
MM-1033,21-Sep-2025,386,20310.1,WH-OHIO
MM-1032,12-Apr-2026,261,9643.45,WH-OHIO
MM-1035,01/18/26,183,348.3,WH-OHIO
MM-1036,15-Feb-2026,120,359.24,WH-OHIO
MM-1026,2026-01-11,115,2668.29,WH-TEXAS
MM-1023,2026-05-17,77,134.44,WH-NEVADA
MM-1030,06/14/2026,33,1533.81,WH-OHIO
MM-1034,2026-06-28,52,2186.58,WH-NEVADA
MM-1001,06/07/26,143,958.62,WH-NEVADA
MM-1005,06/28/2026,74,362.23,WH-OHIO
MM-1017,2026-04-19,135,2307.02,WH-OHIO
MM-1012,2026-01-11,11,389.9,WH-OHIO
MM-1005,03/08/2026,37,175.7,WH-OHIO
MM-1033,09/28/2025,42,2191.93,WH-OHIO
MM-1021,05/03/2026,70,119.29,WH-OHIO
MM-1004,2025-07-13,170,1126.58,WH-OHIO
MM-1025,2025-09-21,150,4293.06,WH-NEVADA
MM-1020,23-Nov-2025,55,247.47,WH-TEXAS
MM-1039,04/26/2026,107,252.91,WH-NEVADA
MM-1036,25-Jan-2026,77,225.35,WH-OHIO
MM-1039,2025-08-24,103,244.38,WH-NEVADA
MM-1029,09/21/25,81,980.43,WH-TEXAS
MM-1027,28-Jun-2026,196,2410.38,WH-OHIO
MM-1035,2025-11-23,123,233.96,WH-OHIO
MM-1022,08/10/2025,93,230.81,WH-OHIO
MM-1023,08/10/25,86,143.8,WH-NEVADA
MM-1000,22-Feb-2026,162,1121.99,WH-OHIO
MM-1033,01/18/2026,215,11101.43,WH-OHIO
MM-1022,03/22/2026,122,314.16,WH-OHIO
MM-1038,10/12/2025,209,234.67,WH-NEVADA
MM-1038,2026-01-25,187,221.38,WH-NEVADA
MM-1027,05-Jul-2026,195,2423.17,WH-OHIO
MM-1028,2026-04-12,52,644.56,WH-OHIO
MM-1028,2026-06-14,70,860.52,WH-OHIO
MM-1020,2025-11-30,52,235.92,WH-TEXAS
MM-1004,09-Nov-2025,182,1210.78,WH-OHIO
MM-1036,2025-10-12,104,312.01,WH-OHIO
MM-1022,2025-11-02,78,199.6,WH-OHIO
MM-1026,03/08/2026,53,1234.33,WH-TEXAS
MM-1024,09/07/2025,94,231.19,WH-OHIO
MM-1000,05/17/2026,71,489.29,WH-OHIO
MM-1015,04/19/2026,146,1627.57,WH-TEXAS
MM-1013,2026-04-26,124,2932.89,WH-TEXAS
MM-1009,2026-02-08,251,2234.72,WH-OHIO
MM-1018,07/20/25,183,1788.27,WH-OHIO
MM-1026,07-Jun-2026,40,927.96,WH-TEXAS
MM-1024,2025-08-10,94,229.99,WH-OHIO
MM-1024,14-Dec-2025,60,145.94,WH-OHIO
MM-1029,27-Jul-2025,64,743.65,WH-TEXAS
MM-1035,03/01/26,206,393.73,WH-OHIO
MM-1002,11/23/25,163,798.41,WH-NEVADA
MM-1008,09/07/25,135,1061.52,WH-OHIO
MM-1019,20-Jul-2025,118,1049.11,WH-OHIO
MM-1009,2026-01-04,162,1411.01,WH-OHIO
MM-1019,28-Dec-2025,204,1794.84,WH-OHIO
MM-1019,23-Nov-2025,118,1053.07,WH-OHIO
MM-1012,01/04/2026,36,1224.07,WH-OHIO
MM-1007,12/21/25,75,363.53,WH-TEXAS
MM-1029,01/04/2026,57,659.64,WH-TEXAS
MM-1019,08/17/25,205,1835.06,WH-OHIO
MM-1035,01/04/26,158,310.38,WH-OHIO
MM-1034,05/17/26,35,1458.4,WH-NEVADA
MM-1029,2025-08-31,52,614.01,WH-TEXAS
MM-1032,2025-08-24,97,3588.81,WH-OHIO
MM-1008,04/19/2026,73,582.38,WH-OHIO
MM-1001,26-Oct-2025,156,1054.43,WH-NEVADA
MM-1019,26-Apr-2026,228,2091.16,WH-OHIO
MM-1032,06/07/2026,168,6279.27,WH-OHIO
MM-1008,30-Nov-2025,89,698.88,WH-OHIO
MM-1008,11/02/2025,87,673.58,WH-OHIO
MM-1027,04/12/26,0,0.0,WH-OHIO
MM-1039,2026-02-08,118,283.52,WH-NEVADA
MM-1009,2026-03-08,159,1400.64,WH-OHIO
MM-1016,04/12/2026,99,1139.21,WH-TEXAS
MM-1039,07-Dec-2025,107,251.75,WH-NEVADA
MM-1038,2025-07-27,203,231.25,WH-NEVADA
MM-1036,2025-07-20,105,311.54,WH-OHIO
MM-1007,07-Dec-2025,80,402.99,WH-TEXAS
MM-1030,2026-02-01,151,6845.27,WH-OHIO
MM-1039,2025-07-27,93,221.08,WH-NEVADA
MM-1033,05/24/2026,201,10441.88,WH-OHIO
MM-1033,2025-12-07,196,10217.72,WH-OHIO
MM-1033,09/14/25,364,18706.32,WH-OHIO
MM-1022,2025-10-26,87,221.76,WH-OHIO
MM-1013,28-Dec-2025,96,2367.33,WH-TEXAS
MM-1012,03-May-2026,32,1133.64,WH-OHIO
MM-1019,2026-02-01,293,2564.72,WH-OHIO
MM-1005,2026-04-26,65,318.13,WH-OHIO
MM-1018,01-Mar-2026,254,2517.43,WH-OHIO
MM-1005,11/30/2025,65,311.47,WH-OHIO
MM-1015,01/25/26,137,1535.22,WH-TEXAS
MM-1007,03/08/26,105,521.94,WH-TEXAS
MM-1021,2026-02-15,75,132.5,WH-OHIO
MM-1019,11-Jan-2026,245,2166.78,WH-OHIO
MM-1015,03-May-2026,254,2936.77,WH-TEXAS
MM-1010,12/28/25,100,2729.91,WH-TEXAS
MM-1001,23-Nov-2025,124,829.18,WH-NEVADA
MM-1035,10/26/2025,140,272.73,WH-OHIO
MM-1005,2026-04-12,103,505.69,WH-OHIO
MM-1000,05-Jul-2026,45,313.95,WH-OHIO
MM-1027,12/21/25,125,1521.16,WH-OHIO
MM-1011,2026-04-05,241,7744.22,WH-NEVADA
MM-1015,2026-03-15,229,2613.82,WH-TEXAS
MM-1026,03-May-2026,65,1554.53,WH-TEXAS
MM-1010,17-May-2026,99,2683.13,WH-TEXAS
MM-1008,02/15/2026,117,900.46,WH-OHIO
MM-1018,12/07/25,206,2058.86,WH-OHIO
MM-1010,04/19/26,101,2764.67,WH-TEXAS
MM-1009,01/18/2026,186,1631.25,WH-OHIO
MM-1016,01/18/26,141,1620.04,WH-TEXAS
MM-1007,06/21/2026,74,369.74,WH-TEXAS
MM-1010,2026-04-26,92,2601.48,WH-TEXAS
MM-1034,2025-10-12,44,1842.41,WH-NEVADA
MM-1009,2026-05-10,119,1048.38,WH-OHIO
MM-1010,26-Oct-2025,87,2479.41,WH-TEXAS
MM-1038,26-Oct-2025,187,217.56,WH-NEVADA
MM-1020,03-Aug-2025,107,477.21,WH-TEXAS
MM-1024,04/19/2026,53,131.17,WH-OHIO
MM-1020,2026-01-04,139,638.35,WH-TEXAS
MM-1015,05/31/26,93,1057.11,WH-TEXAS
MM-1012,03/08/2026,29,992.45,WH-OHIO
MM-1002,2026-03-29,124,596.83,WH-NEVADA
MM-1021,07/13/25,51,87.13,WH-OHIO
MM-1014,12/28/2025,71,2910.04,WH-TEXAS
MM-1038,28-Sep-2025,181,202.77,WH-NEVADA
MM-1022,21-Sep-2025,120,302.9,WH-OHIO
MM-1034,01/25/2026,54,2274.39,WH-NEVADA
MM-1008,21-Sep-2025,69,549.46,WH-OHIO
MM-1005,05-Jul-2026,103,510.65,WH-OHIO
MM-1004,11/02/25,192,1282.59,WH-OHIO
MM-1027,2026-05-24,49,601.82,WH-OHIO
MM-1005,28-Dec-2025,68,325.41,WH-OHIO
MM-1009,03/22/2026,226,1974.66,WH-OHIO
MM-1010,06/14/26,112,3130.93,WH-TEXAS
MM-1029,2025-08-03,86,1009.63,WH-TEXAS
MM-1037,05/31/26,82,137.91,WH-TEXAS
MM-1035,27-Jul-2025,209,396.35,WH-OHIO
MM-1013,12/07/25,108,2627.47,WH-TEXAS
MM-1029,04/12/26,48,574.33,WH-TEXAS
MM-1018,02/15/26,104,982.4,WH-OHIO
MM-1029,29-Mar-2026,99,1152.66,WH-TEXAS
MM-1029,2025-09-07,67,775.47,WH-TEXAS
MM-1005,2026-02-08,79,387.15,WH-OHIO
MM-1029,11/02/25,79,957.09,WH-TEXAS
MM-1032,01/25/2026,150,5439.24,WH-OHIO
MM-1024,21-Sep-2025,113,274.06,WH-OHIO
MM-1009,2026-04-12,200,1752.99,WH-OHIO
MM-1027,03/15/2026,127,1561.54,WH-OHIO
MM-1027,14-Jun-2026,12,149.6,WH-OHIO
MM-1030,05/17/2026,112,5246.99,WH-OHIO
MM-1035,12/07/2025,123,231.39,WH-OHIO
MM-1013,2026-02-01,135,3224.74,WH-TEXAS
MM-1012,2025-11-16,44,1565.33,WH-OHIO
MM-1036,05/03/2026,119,339.78,WH-OHIO
MM-1039,05/24/2026,131,314.15,WH-NEVADA
MM-1021,05/31/26,51,86.84,WH-OHIO
MM-1004,10/19/2025,144,989.14,WH-OHIO
MM-1004,2025-07-27,204,1385.07,WH-OHIO
MM-1007,21-Sep-2025,105,532.57,WH-TEXAS
MM-1016,11/02/25,95,1078.29,WH-TEXAS
MM-1035,02/15/2026,197,384.77,WH-OHIO
MM-1007,11/16/2025,74,374.79,WH-TEXAS
MM-1038,11/09/25,150,172.48,WH-NEVADA
MM-1010,2025-07-13,104,2927.1,WH-TEXAS
MM-1010,03/01/2026,88,2434.84,WH-TEXAS
MM-1016,08/17/2025,76,884.14,WH-TEXAS
MM-1039,12-Oct-2025,105,252.83,WH-NEVADA
MM-1020,03/01/2026,104,476.8,WH-TEXAS
MM-1033,08/24/25,339,17387.3,WH-OHIO
MM-1008,03/29/2026,74,577.26,WH-OHIO
MM-1019,12/07/2025,192,1696.49,WH-OHIO
MM-1029,2025-11-16,30,352.68,WH-TEXAS
MM-1009,02/01/26,201,1835.45,WH-OHIO
MM-1019,06/21/26,296,2667.36,WH-OHIO
MM-1033,2026-03-08,327,17070.94,WH-OHIO
MM-1004,08/31/2025,201,1354.28,WH-OHIO
MM-1034,11/09/2025,48,2028.58,WH-NEVADA
MM-1024,03/01/26,79,197.93,WH-OHIO
MM-1013,08/24/25,144,3535.43,WH-TEXAS
MM-1029,03/01/26,89,1055.0,WH-TEXAS
MM-1008,2025-07-13,97,734.83,WH-OHIO
MM-1017,06/14/2026,222,3623.86,WH-OHIO
MM-1013,02/08/2026,116,2807.46,WH-TEXAS
MM-1022,2025-08-31,134,347.3,WH-OHIO
MM-1020,15-Feb-2026,76,340.71,WH-TEXAS
MM-1023,22-Feb-2026,107,185.47,WH-NEVADA
MM-1004,02/08/26,210,1458.73,WH-OHIO
MM-1000,2025-10-26,108,769.71,WH-OHIO
MM-1005,24-May-2026,60,296.61,WH-OHIO
MM-1013,10/19/25,103,2546.31,WH-TEXAS
MM-1020,15-Mar-2026,89,411.56,WH-TEXAS
MM-1019,03/15/26,285,2557.74,WH-OHIO
MM-1013,03/29/26,113,2813.32,WH-TEXAS
MM-1022,2025-11-23,76,196.77,WH-OHIO
MM-1019,01/18/26,246,2201.19,WH-OHIO
MM-1018,03/08/26,241,2349.21,WH-OHIO
MM-1025,06/21/26,216,6271.57,WH-NEVADA
MM-1030,03-Aug-2025,40,1804.6,WH-OHIO
MM-1004,02/15/2026,224,1527.74,WH-OHIO
MM-1020,06/07/2026,49,216.75,WH-TEXAS
MM-1022,2026-01-25,110,282.03,WH-OHIO
MM-1015,08/10/25,255,2936.44,WH-TEXAS
MM-1022,06/07/2026,78,196.82,WH-OHIO
MM-1010,06/07/2026,93,2518.34,WH-TEXAS
MM-1018,10/05/25,175,1714.87,WH-OHIO
MM-1025,04/19/26,225,6366.77,WH-NEVADA
MM-1016,03-Aug-2025,150,1764.68,WH-TEXAS
MM-1038,2026-06-14,213,244.66,WH-NEVADA
MM-1014,24-Aug-2025,71,2941.96,WH-TEXAS
MM-1009,06/07/26,169,1471.23,WH-OHIO
MM-1032,03/29/26,250,8974.11,WH-OHIO
MM-1007,01/25/2026,112,567.23,WH-TEXAS
MM-1001,10-Aug-2025,186,1209.85,WH-NEVADA
MM-1021,08/24/2025,62,108.91,WH-OHIO
MM-1010,2025-10-05,91,2513.18,WH-TEXAS
MM-1036,2025-09-14,120,345.13,WH-OHIO
MM-1000,05/10/2026,118,840.35,WH-OHIO
MM-1001,06/14/26,155,1017.25,WH-NEVADA
MM-1006,17-May-2026,196,1285.15,WH-TEXAS
MM-1027,02/01/2026,102,1291.94,WH-OHIO
MM-1008,2025-11-23,75,569.21,WH-OHIO
MM-1001,06/21/26,143,934.49,WH-NEVADA
MM-1014,08/31/2025,69,2857.07,WH-TEXAS
MM-1018,2026-01-18,185,1790.8,WH-OHIO
MM-1002,08/03/2025,118,575.95,WH-NEVADA
MM-1013,2025-12-14,103,2474.97,WH-TEXAS
MM-1039,05/24/2026,131,314.15,WH-NEVADA
MM-1017,06/07/26,153,2525.84,WH-OHIO
MM-1028,08-Mar-2026,59,739.23,WH-OHIO
MM-1018,12/28/25,167,1591.05,WH-OHIO
MM-1012,06/14/2026,12,408.46,WH-OHIO
MM-1016,15-Mar-2026,154,1748.74,WH-TEXAS
MM-1009,2026-04-19,158,1411.33,WH-OHIO
MM-1022,2025-10-12,91,223.77,WH-OHIO
MM-1026,07-Sep-2025,110,2655.81,WH-TEXAS
MM-1002,2025-12-28,66,321.32,WH-NEVADA
MM-1012,08/31/2025,39,1322.43,WH-OHIO
MM-1010,05/24/26,108,2988.4,WH-TEXAS
MM-1023,04/12/2026,102,172.38,WH-NEVADA
MM-1021,04/19/26,84,145.51,WH-OHIO
MM-1024,2025-11-16,41,103.86,WH-OHIO
MM-1023,02/01/2026,91,150.99,WH-NEVADA
MM-1022,2025-08-03,104,268.25,WH-OHIO
MM-1021,08/31/25,77,133.1,WH-OHIO
MM-1029,07/20/25,60,701.81,WH-TEXAS
MM-1027,23-Nov-2025,41,521.14,WH-OHIO
MM-1014,04/26/2026,73,3146.67,WH-TEXAS
MM-1014,20-Jul-2025,64,2717.24,WH-TEXAS
MM-1014,02-Nov-2025,70,2983.58,WH-TEXAS
MM-1013,21-Dec-2025,94,2238.63,WH-TEXAS
MM-1030,02/15/26,139,6262.53,WH-OHIO
MM-1023,01/25/26,104,175.7,WH-NEVADA
MM-1016,10/12/25,46,512.81,WH-TEXAS
MM-1026,07/05/26,65,1538.77,WH-TEXAS
MM-1015,04/12/2026,97,1082.27,WH-TEXAS
MM-1009,23-Nov-2025,129,1155.23,WH-OHIO
MM-1030,05/10/26,123,5610.43,WH-OHIO
MM-1033,05-Apr-2026,293,15459.86,WH-OHIO
MM-1020,10/19/25,101,457.97,WH-TEXAS
MM-1039,07-Sep-2025,118,288.48,WH-NEVADA
MM-1030,01/18/2026,107,4991.15,WH-OHIO
MM-1011,03/15/2026,214,6721.74,WH-NEVADA
MM-1005,24-Aug-2025,37,182.23,WH-OHIO
MM-1005,09/28/2025,63,314.64,WH-OHIO
MM-1026,02-Nov-2025,34,795.12,WH-TEXAS
MM-1034,02/08/26,43,1835.21,WH-NEVADA
MM-1015,2025-10-26,110,1263.86,WH-TEXAS
MM-1003,05/31/2026,102,536.59,WH-OHIO
MM-1038,04/19/26,231,272.5,WH-NEVADA
MM-1036,04-Jan-2026,70,207.14,WH-OHIO
MM-1005,31-May-2026,74,371.88,WH-OHIO
MM-1002,05/17/2026,139,693.62,WH-NEVADA
MM-1012,11/02/25,57,2030.81,WH-OHIO
MM-1036,01/18/2026,97,280.67,WH-OHIO
MM-1013,05/31/26,113,2810.13,WH-TEXAS
MM-1015,2026-04-26,247,2767.55,WH-TEXAS
MM-1033,02/22/26,373,18714.77,WH-OHIO
MM-1007,2025-12-28,82,396.97,WH-TEXAS
MM-1004,12/28/25,131,916.69,WH-OHIO
MM-1038,01/11/26,177,201.99,WH-NEVADA
MM-1007,18-Jan-2026,103,503.07,WH-TEXAS
MM-1015,05/24/2026,81,939.47,WH-TEXAS
MM-1001,09/28/25,169,1080.66,WH-NEVADA
MM-1027,22-Feb-2026,29,357.86,WH-OHIO
MM-1039,19-Oct-2025,92,214.77,WH-NEVADA
MM-1025,26-Oct-2025,192,5727.7,WH-NEVADA
MM-1013,02/22/26,150,3604.19,WH-TEXAS
MM-1026,2025-11-09,50,1182.46,WH-TEXAS
MM-1020,21-Sep-2025,99,454.85,WH-TEXAS
MM-1038,19-Oct-2025,200,227.45,WH-NEVADA
MM-1039,23-Nov-2025,83,196.96,WH-NEVADA
MM-1027,2025-11-16,82,1029.31,WH-OHIO
MM-1026,15-Feb-2026,79,1896.19,WH-TEXAS
MM-1019,10-May-2026,184,1635.55,WH-OHIO
MM-1025,2025-10-19,209,6091.06,WH-NEVADA
MM-1036,12/14/25,107,305.9,WH-OHIO
MM-1032,28-Dec-2025,0,0.0,WH-OHIO
MM-1023,08/24/2025,87,148.46,WH-NEVADA
MM-1020,2026-06-28,95,424.16,WH-TEXAS
MM-1007,08/10/2025,92,456.92,WH-TEXAS
MM-1032,05/10/26,137,5072.09,WH-OHIO
MM-1014,2025-10-26,77,3154.26,WH-TEXAS
MM-1015,2025-10-19,161,1871.2,WH-TEXAS
MM-1033,28-Dec-2025,334,17657.31,WH-OHIO
MM-1027,12/21/25,125,1521.16,WH-OHIO
MM-1030,02/22/2026,161,7370.89,WH-OHIO
MM-1014,02-Nov-2025,70,2983.58,WH-TEXAS
MM-1031,06/14/2026,63,1691.63,WH-NEVADA
MM-1028,07/05/26,86,1035.87,WH-OHIO
MM-1022,06/21/26,93,234.34,WH-OHIO
MM-1020,11/09/2025,86,381.62,WH-TEXAS
MM-1014,05-Apr-2026,77,3305.29,WH-TEXAS
MM-1024,12/21/2025,43,108.16,WH-OHIO
MM-1015,05-Oct-2025,115,1289.95,WH-TEXAS
MM-1032,04/26/26,92,3399.11,WH-OHIO
MM-1030,2025-11-09,94,4232.27,WH-OHIO
MM-1011,03/08/26,259,8521.19,WH-NEVADA
MM-1026,08/24/25,121,2923.16,WH-TEXAS
MM-1006,2026-06-07,130,867.98,WH-TEXAS
MM-1037,03-May-2026,87,146.57,WH-TEXAS
MM-1008,28-Dec-2025,59,463.64,WH-OHIO
MM-1024,05-Oct-2025,81,204.43,WH-OHIO
MM-1005,2025-11-02,77,378.81,WH-OHIO
MM-1038,09/21/25,185,218.42,WH-NEVADA
MM-1016,06/07/2026,125,1459.79,WH-TEXAS
MM-1004,2026-04-19,149,1018.65,WH-OHIO
MM-1039,01/11/26,100,233.52,WH-NEVADA
MM-1032,27-Jul-2025,273,10046.41,WH-OHIO
MM-1001,24-Aug-2025,194,1247.04,WH-NEVADA
MM-1032,11-Jan-2026,194,7315.61,WH-OHIO
MM-1032,11/23/25,86,3154.13,WH-OHIO
MM-1008,2026-02-01,41,327.65,WH-OHIO
MM-1029,10/12/25,80,977.04,WH-TEXAS
MM-1018,06/14/26,97,970.88,WH-OHIO
MM-1024,12-Apr-2026,63,159.07,WH-OHIO
MM-1032,05/03/2026,50,1820.88,WH-OHIO
MM-1024,30-Nov-2025,71,172.48,WH-OHIO
MM-1015,06/28/26,45,514.74,WH-TEXAS
MM-1039,04-Jan-2026,118,285.3,WH-NEVADA
MM-1015,02/01/2026,321,3570.88,WH-TEXAS
MM-1002,2025-10-19,152,750.49,WH-NEVADA
MM-1034,02/15/26,40,1705.4,WH-NEVADA
MM-1014,03/29/2026,54,2230.94,WH-TEXAS
MM-1012,2025-09-28,26,910.03,WH-OHIO
MM-1012,07/27/25,33,1145.48,WH-OHIO
MM-1001,2026-02-01,171,1146.1,WH-NEVADA
MM-1014,08/10/2025,76,3123.06,WH-TEXAS
MM-1018,11/30/25,170,1688.11,WH-OHIO
MM-1008,31-May-2026,71,555.23,WH-OHIO
MM-1034,2025-11-30,39,1619.75,WH-NEVADA
MM-1001,2026-02-22,190,1257.96,WH-NEVADA
MM-1034,09/21/2025,54,2311.1,WH-NEVADA
MM-1007,06/07/2026,78,383.2,WH-TEXAS
MM-1021,20-Jul-2025,69,120.86,WH-OHIO
MM-1022,2025-10-05,84,207.84,WH-OHIO
MM-1036,12-Apr-2026,60,172.29,WH-OHIO
MM-1037,26-Apr-2026,85,145.48,WH-TEXAS
MM-1016,11-Jan-2026,37,435.41,WH-TEXAS
MM-1010,12-Oct-2025,86,2374.6,WH-TEXAS
MM-1011,02/15/26,254,8018.51,WH-NEVADA
MM-1029,2026-02-22,86,1046.7,WH-TEXAS
MM-1007,08/17/2025,104,508.39,WH-TEXAS
MM-1024,05/17/2026,45,112.1,WH-OHIO
MM-1012,08/31/2025,39,1322.43,WH-OHIO
MM-1033,02/01/26,224,11555.81,WH-OHIO
MM-1025,12/21/25,133,3873.56,WH-NEVADA
MM-1017,04/05/2026,182,2971.02,WH-OHIO
MM-1015,10/12/2025,122,1342.17,WH-TEXAS
MM-1017,03/29/2026,263,4381.83,WH-OHIO
MM-1033,03/22/26,96,4848.08,WH-OHIO
MM-1021,08-Mar-2026,100,173.01,WH-OHIO
MM-1033,29-Mar-2026,79,4169.07,WH-OHIO
MM-1007,24-May-2026,77,387.46,WH-TEXAS
MM-1019,28-Jun-2026,197,1749.13,WH-OHIO
MM-1026,08/17/2025,69,1672.54,WH-TEXAS
MM-1021,2025-12-21,59,103.23,WH-OHIO
MM-1017,05-Jul-2026,180,3099.49,WH-OHIO
MM-1020,2025-09-07,76,352.35,WH-TEXAS
MM-1004,14-Sep-2025,218,1474.82,WH-OHIO
MM-1015,2026-03-15,229,2613.82,WH-TEXAS
MM-1013,04/05/2026,98,2403.54,WH-TEXAS
MM-1001,03/08/26,223,1438.57,WH-NEVADA
MM-1027,2026-03-22,262,3287.22,WH-OHIO
MM-1038,2026-03-22,320,368.85,WH-NEVADA
MM-1010,2025-11-23,101,2855.76,WH-TEXAS
MM-1001,2025-07-27,183,1226.32,WH-NEVADA
MM-1030,2025-07-13,82,3857.54,WH-OHIO
MM-1005,2025-07-20,44,214.65,WH-OHIO
MM-1002,14-Sep-2025,15,75.98,WH-NEVADA
MM-1035,2026-03-29,197,368.71,WH-OHIO
MM-1024,02/08/2026,121,296.03,WH-OHIO
MM-1019,08/31/25,308,2804.19,WH-OHIO
MM-1004,08/24/2025,199,1366.54,WH-OHIO
MM-1016,04/19/26,84,952.86,WH-TEXAS
MM-1013,01/25/2026,107,2565.98,WH-TEXAS
MM-1032,13-Jul-2025,135,4830.07,WH-OHIO
MM-1000,11/16/25,170,1190.6,WH-OHIO
MM-1009,03/29/2026,191,1678.02,WH-OHIO
MM-1028,2026-05-24,52,624.66,WH-OHIO
MM-1007,03-Aug-2025,98,477.39,WH-TEXAS
MM-1032,01/04/2026,234,8786.37,WH-OHIO
MM-1009,05/03/2026,177,1621.4,WH-OHIO
MM-1030,09/07/2025,106,4914.64,WH-OHIO
MM-1026,2025-10-19,67,1605.55,WH-TEXAS
MM-1000,02/15/2026,149,1038.09,WH-OHIO
MM-1036,07/13/25,81,233.19,WH-OHIO
MM-1019,08/03/2025,192,1779.38,WH-OHIO
MM-1004,05/31/26,144,960.63,WH-OHIO
MM-1015,18-Jan-2026,71,823.15,WH-TEXAS
MM-1007,2026-05-17,77,393.12,WH-TEXAS
MM-1012,07/05/26,7,243.7,WH-OHIO
MM-1022,28-Dec-2025,75,189.81,WH-OHIO
MM-1029,2026-03-15,115,1382.48,WH-TEXAS
MM-1032,08/17/25,118,4296.16,WH-OHIO
MM-1008,2025-08-31,146,1125.16,WH-OHIO
MM-1002,05/10/26,73,349.25,WH-NEVADA
MM-1008,01/11/26,87,668.07,WH-OHIO
MM-1001,2026-02-15,204,1380.34,WH-NEVADA
MM-1000,2026-06-14,146,1026.48,WH-OHIO
MM-1010,2026-02-08,96,2650.93,WH-TEXAS
MM-1002,2026-07-05,93,459.95,WH-NEVADA
MM-1024,2025-08-17,97,235.87,WH-OHIO
MM-1035,03/22/26,194,365.61,WH-OHIO
MM-1024,2025-08-31,90,224.04,WH-OHIO
MM-1033,11/09/2025,264,13544.25,WH-OHIO
MM-1011,04/26/2026,196,6130.31,WH-NEVADA
MM-1004,09/28/25,240,1619.17,WH-OHIO
MM-1033,2025-12-21,254,13482.26,WH-OHIO
MM-1032,09/21/2025,121,4558.96,WH-OHIO
MM-1016,01-Feb-2026,134,1581.76,WH-TEXAS
MM-1033,08/31/2025,101,5187.42,WH-OHIO
MM-1012,11/09/2025,48,1706.41,WH-OHIO
MM-1008,05-Oct-2025,135,1078.5,WH-OHIO
MM-1027,11/09/25,117,1463.27,WH-OHIO
MM-1039,2026-04-12,103,244.9,WH-NEVADA
MM-1023,2025-09-14,94,163.66,WH-NEVADA
MM-1021,07-Sep-2025,80,136.94,WH-OHIO
MM-1039,18-Jan-2026,116,273.15,WH-NEVADA
MM-1013,19-Apr-2026,105,2551.8,WH-TEXAS
MM-1020,01/18/2026,45,209.37,WH-TEXAS
MM-1005,21-Dec-2025,71,349.14,WH-OHIO
MM-1016,05/03/2026,83,927.16,WH-TEXAS
MM-1029,01/25/2026,63,756.63,WH-TEXAS
MM-1007,2026-02-08,123,600.74,WH-TEXAS
MM-1009,06/21/26,117,1033.24,WH-OHIO
MM-1038,03/15/26,207,243.08,WH-NEVADA
MM-1018,2025-08-24,212,2091.61,WH-OHIO
MM-1007,11-Jan-2026,84,414.48,WH-TEXAS
MM-1009,05/17/2026,132,1167.75,WH-OHIO
MM-1014,2026-06-07,67,2827.95,WH-TEXAS
MM-1008,03/22/26,136,1080.55,WH-OHIO
MM-1013,08/17/25,132,3242.13,WH-TEXAS
MM-1035,03-May-2026,168,323.4,WH-OHIO
MM-1004,10/12/2025,191,1343.48,WH-OHIO
MM-1016,11/23/25,106,1215.84,WH-TEXAS
MM-1014,2025-09-07,86,3597.37,WH-TEXAS
MM-1024,2026-03-22,55,134.88,WH-OHIO
MM-1023,10-May-2026,59,99.74,WH-NEVADA
MM-1018,11/30/25,170,1688.11,WH-OHIO
MM-1009,2026-04-19,158,1411.33,WH-OHIO
MM-1007,10/19/25,103,512.5,WH-TEXAS
MM-1016,2026-06-28,81,909.56,WH-TEXAS
MM-1010,12/21/2025,85,2378.17,WH-TEXAS
MM-1025,2026-06-07,88,2608.82,WH-NEVADA
MM-1022,2025-09-28,91,235.26,WH-OHIO
MM-1008,05/10/26,75,582.82,WH-OHIO
MM-1022,08/24/2025,129,333.5,WH-OHIO
MM-1002,20-Jul-2025,144,691.69,WH-NEVADA
MM-1002,14-Dec-2025,106,512.58,WH-NEVADA
MM-1022,2026-05-31,85,219.64,WH-OHIO
MM-1015,07-Jun-2026,285,3236.71,WH-TEXAS
MM-1008,12/07/2025,93,702.69,WH-OHIO
MM-1036,04/19/2026,126,381.53,WH-OHIO
MM-1015,11/09/2025,101,1123.83,WH-TEXAS
MM-1020,07/27/25,73,325.02,WH-TEXAS
MM-1016,12/28/2025,116,1369.66,WH-TEXAS
MM-1004,04/26/26,182,1209.57,WH-OHIO
MM-1027,10/12/2025,197,2511.88,WH-OHIO
MM-1002,03/22/26,94,463.39,WH-NEVADA
MM-1028,05/10/2026,0,0.0,WH-OHIO
MM-1026,2025-12-21,40,930.3,WH-TEXAS
MM-1020,06/14/26,79,353.33,WH-TEXAS
MM-1032,02-Nov-2025,415,15663.3,WH-OHIO
MM-1021,14-Jun-2026,57,100.16,WH-OHIO
MM-1022,22-Feb-2026,108,273.67,WH-OHIO
MM-1025,09/14/2025,199,5789.87,WH-NEVADA
MM-1026,02/01/26,72,1757.2,WH-TEXAS
MM-1021,10-May-2026,42,71.13,WH-OHIO
MM-1000,09/21/2025,152,1032.08,WH-OHIO
MM-1034,2026-01-11,48,2026.97,WH-NEVADA
MM-1022,04/12/2026,100,247.36,WH-OHIO
MM-1007,2025-07-13,74,377.06,WH-TEXAS
MM-1007,09/14/2025,109,533.98,WH-TEXAS
MM-1014,12-Oct-2025,55,2246.06,WH-TEXAS
MM-1018,12-Oct-2025,128,1227.35,WH-OHIO
MM-1019,11/09/25,179,1623.1,WH-OHIO
MM-1002,01/04/2026,108,535.2,WH-NEVADA
MM-1039,2026-04-05,99,240.78,WH-NEVADA
MM-1007,2026-04-26,85,417.09,WH-TEXAS
MM-1021,03/29/26,88,155.77,WH-OHIO
MM-1026,08-Feb-2026,82,2008.96,WH-TEXAS
MM-1032,08-Mar-2026,418,15719.64,WH-OHIO
MM-1038,08/31/25,225,254.24,WH-NEVADA
MM-1024,31-May-2026,23,58.04,WH-OHIO
MM-1036,2025-12-21,64,185.71,WH-OHIO
MM-1034,08/03/2025,51,2122.78,WH-NEVADA
MM-1036,08/10/2025,97,280.16,WH-OHIO
MM-1020,26-Oct-2025,67,297.61,WH-TEXAS
MM-1003,04/26/2026,30,156.46,WH-OHIO
MM-1034,14-Jun-2026,43,1783.76,WH-NEVADA
MM-1014,12/07/2025,73,3049.78,WH-TEXAS
MM-1012,17-Aug-2025,105,3559.36,WH-OHIO
MM-1032,2026-05-17,158,5707.06,WH-OHIO
MM-1013,03/22/26,109,2654.91,WH-TEXAS
MM-1004,01/18/26,168,1129.63,WH-OHIO
MM-1033,08-Feb-2026,169,8510.65,WH-OHIO
MM-1029,03/08/2026,64,738.9,WH-TEXAS
MM-1009,12/28/2025,157,1401.34,WH-OHIO
MM-1001,2026-05-17,150,992.8,WH-NEVADA
MM-1032,30-Nov-2025,114,4105.27,WH-OHIO
MM-1018,02-Nov-2025,137,1320.19,WH-OHIO
MM-1003,04/12/2026,411,2140.05,WH-OHIO
MM-1009,03/01/26,223,1993.85,WH-OHIO
MM-1022,04/19/2026,117,302.7,WH-OHIO
MM-1010,04/12/26,96,2709.39,WH-TEXAS
MM-1029,2026-05-10,77,936.05,WH-TEXAS
MM-1015,08/03/25,238,2754.87,WH-TEXAS
MM-1020,28-Sep-2025,72,336.19,WH-TEXAS
MM-1020,19-Apr-2026,107,501.07,WH-TEXAS
MM-1025,04/26/26,109,3183.07,WH-NEVADA
MM-1010,09/14/25,91,2489.79,WH-TEXAS
MM-1029,26-Oct-2025,70,841.91,WH-TEXAS
MM-1004,09/21/25,163,1133.83,WH-OHIO
MM-1009,10-Aug-2025,221,1952.91,WH-OHIO
MM-1013,11/09/2025,93,2224.38,WH-TEXAS
MM-1027,05-Apr-2026,56,688.01,WH-OHIO
MM-1036,2026-05-10,65,193.59,WH-OHIO
MM-1034,02/22/26,49,2024.13,WH-NEVADA
MM-1033,15-Feb-2026,178,9365.41,WH-OHIO
MM-1016,2026-06-14,96,1068.81,WH-TEXAS
MM-1033,12/14/2025,216,11445.94,WH-OHIO
MM-1018,05/31/2026,146,1416.53,WH-OHIO
MM-1020,01/11/2026,40,186.91,WH-TEXAS
MM-1014,07/05/2026,69,2843.84,WH-TEXAS
MM-1002,2026-04-05,141,712.54,WH-NEVADA
MM-1039,17-Aug-2025,100,240.41,WH-NEVADA
MM-1028,2026-03-22,0,0.0,WH-OHIO
MM-1009,2026-03-15,202,1837.23,WH-OHIO
MM-1014,21-Dec-2025,84,3576.65,WH-TEXAS
MM-1027,08-Mar-2026,0,0.0,WH-OHIO
MM-1026,07-Dec-2025,67,1567.33,WH-TEXAS
MM-1014,27-Jul-2025,71,2923.93,WH-TEXAS
MM-1007,05-Oct-2025,85,433.06,WH-TEXAS
MM-1029,06/28/2026,141,1623.4,WH-TEXAS
MM-1038,04/12/26,210,238.08,WH-NEVADA
MM-1001,22-Mar-2026,231,1487.51,WH-NEVADA
MM-1000,26-Apr-2026,121,832.9,WH-OHIO
MM-1036,10/26/25,70,200.01,WH-OHIO
MM-1039,26-Oct-2025,101,242.5,WH-NEVADA
MM-1002,01/18/2026,68,342.15,WH-NEVADA
MM-1038,05/31/26,217,253.99,WH-NEVADA
MM-1018,06/28/2026,179,1742.09,WH-OHIO
MM-1021,09/21/25,77,136.39,WH-OHIO
MM-1038,07/13/25,154,177.21,WH-NEVADA
MM-1030,08/10/25,69,3110.61,WH-OHIO
MM-1003,2026-06-07,264,1316.69,WH-OHIO
MM-1016,2025-08-31,31,364.57,WH-TEXAS
MM-1007,09/07/2025,86,416.6,WH-TEXAS
MM-1038,03/01/26,331,376.99,WH-NEVADA
MM-1019,12/21/2025,256,2273.98,WH-OHIO
MM-1017,05/17/2026,166,2744.18,WH-OHIO
MM-1008,10/19/25,91,710.61,WH-OHIO
MM-1013,09/21/2025,124,3021.68,WH-TEXAS
MM-1018,04/05/26,231,2307.29,WH-OHIO
MM-1038,2026-01-04,187,216.1,WH-NEVADA
MM-1022,07/13/2025,87,215.16,WH-OHIO
MM-1035,05-Jul-2026,145,270.77,WH-OHIO
MM-1028,2026-02-22,38,454.38,WH-OHIO
MM-1021,12/07/25,59,101.32,WH-OHIO
MM-1010,11/30/25,101,2817.25,WH-TEXAS
MM-1008,26-Apr-2026,58,464.19,WH-OHIO
MM-1007,2026-07-05,102,518.78,WH-TEXAS
MM-1023,12/14/25,65,113.48,WH-NEVADA
MM-1035,02/08/2026,238,460.5,WH-OHIO
MM-1029,2025-09-28,78,940.45,WH-TEXAS
MM-1025,16-Nov-2025,162,4763.8,WH-NEVADA
MM-1019,28-Sep-2025,162,1465.92,WH-OHIO
MM-1037,05-Jul-2026,106,178.47,WH-TEXAS
MM-1024,02-Nov-2025,98,240.9,WH-OHIO
MM-1039,28-Sep-2025,99,236.84,WH-NEVADA
MM-1024,06/07/26,40,98.82,WH-OHIO
MM-1007,2026-05-31,58,281.69,WH-TEXAS
MM-1025,23-Nov-2025,178,5332.4,WH-NEVADA
MM-1007,2026-03-22,103,524.74,WH-TEXAS
MM-1030,2026-01-25,114,5194.77,WH-OHIO
MM-1036,29-Mar-2026,87,257.62,WH-OHIO
MM-1035,07-Sep-2025,194,364.85,WH-OHIO
MM-1003,2026-07-05,93,483.94,WH-OHIO
MM-1000,2025-10-05,200,1376.97,WH-OHIO
MM-1004,08/03/25,190,1311.06,WH-OHIO
MM-1014,2026-03-22,78,3344.99,WH-TEXAS
MM-1005,19-Apr-2026,70,352.23,WH-OHIO
MM-1032,21-Dec-2025,244,8752.49,WH-OHIO
MM-1027,29-Mar-2026,110,1395.56,WH-OHIO
MM-1015,31-Aug-2025,192,2152.17,WH-TEXAS
MM-1005,04/05/2026,83,410.2,WH-OHIO
MM-1027,09/28/2025,98,1245.49,WH-OHIO
MM-1002,2026-03-08,149,752.62,WH-NEVADA
MM-1036,06/07/26,51,153.8,WH-OHIO
MM-1012,19-Apr-2026,15,514.3,WH-OHIO
MM-1026,2025-11-30,66,1554.04,WH-TEXAS
MM-1035,26-Apr-2026,164,310.18,WH-OHIO
MM-1039,12/14/2025,99,241.6,WH-NEVADA
MM-1023,04/05/2026,106,176.59,WH-NEVADA
MM-1012,06/21/26,0,0.0,WH-OHIO
MM-1002,15-Mar-2026,117,588.93,WH-NEVADA
MM-1035,2025-09-21,169,316.07,WH-OHIO
MM-1012,07-Dec-2025,32,1142.22,WH-OHIO
MM-1005,08/10/2025,77,365.44,WH-OHIO
MM-1016,08/24/2025,143,1641.75,WH-TEXAS
MM-1018,13-Jul-2025,290,2841.13,WH-OHIO
MM-1026,01/25/26,50,1183.8,WH-TEXAS
MM-1009,12/21/2025,130,1133.55,WH-OHIO
MM-1007,05/10/26,79,392.59,WH-TEXAS
MM-1021,05-Jul-2026,82,144.04,WH-OHIO
MM-1007,11/09/2025,75,366.49,WH-TEXAS
MM-1025,03/15/26,332,9406.9,WH-NEVADA
MM-1023,08/03/2025,72,124.87,WH-NEVADA
MM-1021,11-Jan-2026,69,116.28,WH-OHIO
MM-1038,07/20/25,200,229.96,WH-NEVADA
MM-1015,21-Jun-2026,60,664.33,WH-TEXAS
MM-1004,2026-01-04,158,1094.83,WH-OHIO
MM-1010,07/27/25,83,2366.27,WH-TEXAS
MM-1013,10/05/25,89,2199.94,WH-TEXAS
MM-1011,17-May-2026,237,7369.69,WH-NEVADA
MM-1013,17-May-2026,116,2882.83,WH-TEXAS
MM-1009,01/25/26,149,1360.92,WH-OHIO
MM-1035,25-Jan-2026,200,374.87,WH-OHIO
MM-1019,09/07/2025,258,2304.39,WH-OHIO
MM-1000,2025-08-03,181,1286.49,WH-OHIO
MM-1023,05-Oct-2025,89,146.91,WH-NEVADA
MM-1024,01/11/26,86,211.75,WH-OHIO
MM-1010,02/01/2026,127,3614.65,WH-TEXAS
MM-1007,04/12/26,78,381.15,WH-TEXAS
MM-1000,2025-08-17,157,1098.89,WH-OHIO
MM-1005,27-Jul-2025,77,368.63,WH-OHIO
MM-1012,04/05/2026,93,3312.81,WH-OHIO
MM-1005,09/07/2025,50,249.63,WH-OHIO
MM-1000,04/12/2026,149,1023.74,WH-OHIO
MM-1012,2026-03-01,34,1160.61,WH-OHIO
MM-1005,12/14/25,98,473.96,WH-OHIO
MM-1026,29-Mar-2026,100,2429.59,WH-TEXAS
MM-1002,2026-02-22,170,837.22,WH-NEVADA
MM-1036,2026-05-10,65,193.59,WH-OHIO
MM-1035,2026-01-11,173,334.89,WH-OHIO
MM-1032,2025-10-19,205,7525.64,WH-OHIO
MM-1019,2026-03-22,279,2560.0,WH-OHIO
MM-1018,05/10/26,137,1328.61,WH-OHIO
MM-1010,2025-08-31,131,3581.69,WH-TEXAS
MM-1019,10-Aug-2025,195,1736.01,WH-OHIO
MM-1021,02/22/26,54,93.69,WH-OHIO
MM-1039,11/09/25,97,229.57,WH-NEVADA
MM-1023,11/09/25,75,125.59,WH-NEVADA
MM-1036,22-Mar-2026,66,194.78,WH-OHIO
MM-1013,2025-11-30,106,2531.84,WH-TEXAS
MM-1035,03/08/26,160,310.21,WH-OHIO
MM-1039,2026-06-14,107,260.1,WH-NEVADA
MM-1014,14-Jun-2026,67,2862.44,WH-TEXAS
MM-1009,06/28/26,141,1282.91,WH-OHIO
MM-1037,2026-06-28,87,143.59,WH-TEXAS
MM-1008,03-May-2026,48,379.37,WH-OHIO
MM-1029,2026-02-01,95,1138.73,WH-TEXAS
MM-1024,10/19/25,94,236.34,WH-OHIO
MM-1007,02/22/2026,110,554.68,WH-TEXAS
MM-1010,2025-08-10,102,2835.58,WH-TEXAS
MM-1023,07-Sep-2025,87,144.8,WH-NEVADA
MM-1007,2026-03-29,113,575.72,WH-TEXAS
MM-1006,05-Jul-2026,190,1273.05,WH-TEXAS
MM-1030,21-Jun-2026,119,5465.77,WH-OHIO
MM-1023,06/14/26,93,155.56,WH-NEVADA
MM-1030,11/30/2025,5,226.64,WH-OHIO
MM-1009,04/05/26,214,1905.76,WH-OHIO
MM-1012,17-May-2026,56,1970.1,WH-OHIO
MM-1013,03/01/26,123,2985.28,WH-TEXAS
MM-1039,05/03/26,91,212.07,WH-NEVADA
MM-1008,2026-03-08,98,779.6,WH-OHIO
MM-1027,07-Dec-2025,86,1070.68,WH-OHIO
MM-1020,2026-07-05,54,248.7,WH-TEXAS
MM-1030,2025-08-17,47,2123.07,WH-OHIO
MM-1033,07/20/25,207,10539.33,WH-OHIO
MM-1020,11/02/2025,106,481.79,WH-TEXAS
MM-1005,08/31/2025,95,466.48,WH-OHIO
MM-1022,03/01/2026,96,245.32,WH-OHIO
MM-1024,14-Sep-2025,59,143.19,WH-OHIO
MM-1032,02/15/26,162,5803.78,WH-OHIO
MM-1030,2025-07-20,31,1405.67,WH-OHIO
MM-1001,2025-10-19,109,699.23,WH-NEVADA
MM-1009,31-Aug-2025,235,2095.93,WH-OHIO
MM-1013,11/16/25,102,2489.1,WH-TEXAS
MM-1000,28-Dec-2025,143,1005.86,WH-OHIO
MM-1004,2026-05-10,168,1161.08,WH-OHIO
MM-1030,31-May-2026,82,3676.79,WH-OHIO
MM-1002,04/19/26,175,846.79,WH-NEVADA
MM-1012,18-Jan-2026,15,536.41,WH-OHIO
MM-1018,01/04/26,149,1410.4,WH-OHIO
MM-1022,15-Mar-2026,107,267.03,WH-OHIO
MM-1036,01/11/2026,81,241.46,WH-OHIO
MM-1001,01-Mar-2026,224,1489.38,WH-NEVADA
MM-1036,11/02/25,116,341.96,WH-OHIO
MM-1006,05/03/2026,106,728.3,WH-TEXAS
MM-1025,2026-01-25,128,3822.01,WH-NEVADA
MM-1023,04/26/26,79,131.27,WH-NEVADA
MM-1026,07/13/25,80,1896.15,WH-TEXAS
MM-1036,11/16/25,59,174.75,WH-OHIO
MM-1014,2025-11-09,51,2102.01,WH-TEXAS
MM-1027,2025-08-03,122,1476.78,WH-OHIO
MM-1038,10/05/25,163,192.95,WH-NEVADA
MM-1021,05/24/26,58,101.51,WH-OHIO
MM-1035,24-May-2026,157,299.71,WH-OHIO
MM-1023,08/31/2025,100,171.29,WH-NEVADA
MM-1011,05/31/26,223,6994.06,WH-NEVADA
MM-1006,2026-05-10,118,782.37,WH-TEXAS
MM-1011,14-Jun-2026,164,5104.78,WH-NEVADA
MM-1026,08/10/25,82,1936.76,WH-TEXAS
MM-1008,01/25/26,121,943.76,WH-OHIO
MM-1032,28-Jun-2026,157,5617.96,WH-OHIO
MM-1023,26-Oct-2025,69,117.37,WH-NEVADA
MM-1014,2025-09-14,79,3372.9,WH-TEXAS
MM-1000,27-Jul-2025,159,1076.92,WH-OHIO
MM-1000,08/24/2025,133,902.78,WH-OHIO
MM-1029,2025-11-30,41,473.72,WH-TEXAS
MM-1007,01-Feb-2026,121,601.27,WH-TEXAS
MM-1019,11/09/25,179,1623.1,WH-OHIO
MM-1039,10-Aug-2025,108,260.39,WH-NEVADA
MM-1015,07/13/25,454,5093.66,WH-TEXAS
MM-1008,08-Feb-2026,40,306.63,WH-OHIO
MM-1039,07/05/26,115,271.78,WH-NEVADA
MM-1004,07-Jun-2026,127,841.45,WH-OHIO
MM-1021,2026-05-17,42,73.11,WH-OHIO
MM-1000,18-Jan-2026,107,746.75,WH-OHIO
MM-1028,05/03/2026,103,1287.14,WH-OHIO
MM-1012,2025-10-19,52,1778.93,WH-OHIO
MM-1036,17-May-2026,66,196.52,WH-OHIO
MM-1039,2026-03-01,137,330.52,WH-NEVADA
MM-1014,01/04/2026,84,3464.62,WH-TEXAS
MM-1007,11/30/2025,80,393.73,WH-TEXAS
MM-1016,07/20/2025,94,1095.03,WH-TEXAS
MM-1015,11-Jan-2026,279,3090.26,WH-TEXAS
MM-1034,14-Sep-2025,40,1629.02,WH-NEVADA
MM-1026,05/17/26,31,724.55,WH-TEXAS
MM-1014,09/28/25,64,2641.72,WH-TEXAS
MM-1000,08/31/2025,135,937.7,WH-OHIO
MM-1005,03/22/26,102,491.41,WH-OHIO
MM-1018,09-Nov-2025,125,1214.45,WH-OHIO
MM-1000,2026-01-04,147,1046.86,WH-OHIO
MM-1008,27-Jul-2025,106,831.23,WH-OHIO
MM-1013,28-Sep-2025,92,2235.7,WH-TEXAS
MM-1000,06/07/2026,129,888.62,WH-OHIO
MM-1035,06/21/26,144,270.52,WH-OHIO
MM-1002,27-Jul-2025,167,801.36,WH-NEVADA
MM-1008,26-Oct-2025,109,848.47,WH-OHIO
MM-1001,03-Aug-2025,148,1004.41,WH-NEVADA
MM-1005,11/16/2025,77,367.0,WH-OHIO
MM-1004,05/24/2026,140,951.42,WH-OHIO
MM-1002,2025-11-02,150,761.2,WH-NEVADA
MM-1025,01/18/26,0,0.0,WH-NEVADA
MM-1023,07/20/25,86,145.5,WH-NEVADA
MM-1018,08/31/25,323,3081.47,WH-OHIO
MM-1001,11/30/25,128,861.29,WH-NEVADA
MM-1020,2026-02-22,115,513.74,WH-TEXAS
MM-1018,11-Jan-2026,216,2056.26,WH-OHIO
MM-1034,05-Jul-2026,48,1955.9,WH-NEVADA
MM-1001,2026-01-04,134,858.81,WH-NEVADA
MM-1021,07/27/2025,52,88.92,WH-OHIO
MM-1026,2025-07-27,88,2059.93,WH-TEXAS
MM-1000,2026-05-24,149,1037.35,WH-OHIO
MM-1034,2025-08-17,42,1746.98,WH-NEVADA
MM-1012,10/05/2025,31,1077.09,WH-OHIO
MM-1005,10/05/2025,69,345.89,WH-OHIO
MM-1014,15-Feb-2026,71,2964.47,WH-TEXAS
MM-1029,12/14/2025,78,951.85,WH-TEXAS
MM-1030,08/24/25,118,5380.07,WH-OHIO
MM-1023,06/28/26,83,143.8,WH-NEVADA
MM-1012,2025-12-28,29,1002.55,WH-OHIO
MM-1025,30-Nov-2025,169,5006.28,WH-NEVADA
MM-1035,03/15/26,169,319.77,WH-OHIO
MM-1013,05/03/26,79,1923.78,WH-TEXAS
MM-1010,01/18/26,92,2505.02,WH-TEXAS
MM-1032,11/16/25,45,1661.32,WH-OHIO
MM-1018,07/27/25,212,2092.44,WH-OHIO
MM-1034,21-Dec-2025,40,1669.87,WH-NEVADA
MM-1023,03/29/2026,97,164.36,WH-NEVADA
MM-1025,05/10/2026,31,925.01,WH-NEVADA
MM-1001,2025-09-07,173,1115.65,WH-NEVADA
MM-1036,10/19/25,74,219.23,WH-OHIO
MM-1035,10-Aug-2025,220,421.27,WH-OHIO
MM-1001,04/19/2026,162,1061.74,WH-NEVADA
MM-1015,2025-07-20,176,1989.2,WH-TEXAS
MM-1033,31-May-2026,123,6423.44,WH-OHIO
MM-1034,2025-11-16,34,1433.4,WH-NEVADA
MM-1004,11-Jan-2026,193,1330.33,WH-OHIO
MM-1006,2026-06-28,126,848.85,WH-TEXAS
MM-1015,2026-02-08,401,4435.85,WH-TEXAS
MM-1034,01-Feb-2026,52,2188.87,WH-NEVADA
MM-1008,04-Jan-2026,93,713.78,WH-OHIO
MM-1036,02/01/26,99,288.73,WH-OHIO
MM-1012,09/07/2025,57,2027.25,WH-OHIO
MM-1028,17-May-2026,74,879.52,WH-OHIO
MM-1033,07/05/26,199,10423.72,WH-OHIO
MM-1024,06/14/26,45,107.9,WH-OHIO
MM-1029,05-Jul-2026,83,974.37,WH-TEXAS
MM-1019,09/14/2025,283,2582.99,WH-OHIO
MM-1027,08/31/2025,159,1956.97,WH-OHIO
MM-1002,2025-08-24,55,276.95,WH-NEVADA
MM-1000,2026-05-03,104,706.93,WH-OHIO
MM-1002,12/07/2025,126,620.04,WH-NEVADA
MM-1004,2026-03-22,203,1380.91,WH-OHIO
MM-1001,07/13/25,132,867.72,WH-NEVADA
MM-1012,03/22/2026,59,2072.29,WH-OHIO
MM-1001,11/02/2025,140,933.57,WH-NEVADA
MM-1032,05-Jul-2026,234,8759.43,WH-OHIO
MM-1030,05/24/26,120,5404.97,WH-OHIO
MM-1004,10/26/2025,166,1162.03,WH-OHIO
MM-1002,03/01/26,166,835.66,WH-NEVADA
MM-1020,09/14/25,92,418.91,WH-TEXAS
MM-1018,09/21/2025,143,1421.41,WH-OHIO
MM-1002,01/25/2026,152,756.07,WH-NEVADA
MM-1001,01/25/26,167,1132.23,WH-NEVADA
MM-1038,17-May-2026,165,186.58,WH-NEVADA
MM-1012,02/22/26,4,137.23,WH-OHIO
MM-1032,2026-03-15,9,334.45,WH-OHIO
MM-1021,26-Apr-2026,67,114.71,WH-OHIO
MM-1003,21-Jun-2026,60,311.04,WH-OHIO
MM-1005,25-Jan-2026,115,565.21,WH-OHIO
MM-1010,07-Sep-2025,94,2572.99,WH-TEXAS
MM-1023,2025-09-28,64,109.71,WH-NEVADA
MM-1019,11/30/2025,226,2038.6,WH-OHIO
MM-1024,10/26/2025,74,186.58,WH-OHIO
MM-1001,05/24/26,136,907.1,WH-NEVADA
MM-1036,06/14/26,74,212.89,WH-OHIO
MM-1016,30-Nov-2025,94,1100.8,WH-TEXAS
MM-1034,01-Feb-2026,52,2188.87,WH-NEVADA
MM-1001,28-Jun-2026,155,1035.96,WH-NEVADA
MM-1009,14-Jun-2026,138,1244.01,WH-OHIO
MM-1001,12/14/2025,118,766.92,WH-NEVADA
MM-1036,08/31/25,104,308.14,WH-OHIO
MM-1035,2025-10-05,162,313.77,WH-OHIO
MM-1020,25-Jan-2026,95,427.59,WH-TEXAS
MM-1034,2026-05-03,33,1415.56,WH-NEVADA
MM-1034,08/10/25,56,2403.12,WH-NEVADA
MM-1033,07-Sep-2025,0,0.0,WH-OHIO
MM-1016,05/24/26,98,1131.25,WH-TEXAS
MM-1021,2026-06-07,60,100.74,WH-OHIO
MM-1009,07/27/2025,181,1668.55,WH-OHIO
MM-1005,10/26/2025,47,227.33,WH-OHIO
MM-1005,2026-06-07,59,283.31,WH-OHIO
MM-1023,05/24/2026,74,127.06,WH-NEVADA
MM-1002,2025-10-12,130,622.09,WH-NEVADA
MM-1032,24-May-2026,181,6608.39,WH-OHIO
MM-1015,09/07/2025,368,4205.37,WH-TEXAS
MM-1005,02/01/26,77,385.51,WH-OHIO
MM-1029,08/24/25,77,923.57,WH-TEXAS
MM-1001,05/03/2026,123,788.01,WH-NEVADA
MM-1000,01-Mar-2026,149,1050.43,WH-OHIO
MM-1029,11/09/25,47,540.72,WH-TEXAS
MM-1034,12/07/25,42,1739.61,WH-NEVADA
MM-1010,09/21/2025,97,2648.96,WH-TEXAS
MM-1015,07/05/26,120,1323.69,WH-TEXAS
MM-1025,08/31/25,159,4588.19,WH-NEVADA
MM-1030,02-Nov-2025,36,1669.36,WH-OHIO
MM-1000,07/13/2025,142,961.93,WH-OHIO
MM-1035,25-Jan-2026,200,374.87,WH-OHIO
MM-1001,08-Feb-2026,187,1237.68,WH-NEVADA
MM-1025,01-Feb-2026,154,4571.71,WH-NEVADA
MM-1015,2025-09-28,134,1516.48,WH-TEXAS
MM-1029,17-Aug-2025,56,665.82,WH-TEXAS
MM-1023,07/13/25,68,116.59,WH-NEVADA
MM-1017,03/22/26,316,5224.13,WH-OHIO
MM-1024,23-Nov-2025,59,146.3,WH-OHIO
MM-1025,12/14/2025,137,3951.95,WH-NEVADA
MM-1032,2025-12-14,121,4518.27,WH-OHIO
MM-1035,06/28/2026,161,315.4,WH-OHIO
MM-1009,2025-11-16,149,1354.97,WH-OHIO
MM-1035,08/03/2025,201,386.22,WH-OHIO
MM-1025,05-Apr-2026,283,8079.06,WH-NEVADA
MM-1002,07/13/2025,88,433.69,WH-NEVADA
MM-1015,21-Dec-2025,116,1324.18,WH-TEXAS
MM-1025,05/17/26,166,4882.52,WH-NEVADA
MM-1018,2026-04-19,190,1824.83,WH-OHIO
MM-1001,2025-09-21,172,1144.11,WH-NEVADA
MM-1019,10/19/25,139,1224.13,WH-OHIO
MM-1026,03/22/26,94,2189.97,WH-TEXAS
MM-1005,2025-08-03,81,387.49,WH-OHIO
MM-1002,26-Apr-2026,128,647.22,WH-NEVADA
MM-1023,05/03/2026,68,118.47,WH-NEVADA
MM-1008,12-Apr-2026,72,551.56,WH-OHIO
MM-1027,06/07/26,73,925.76,WH-OHIO
MM-1036,04/05/26,96,280.05,WH-OHIO
MM-1029,05/24/2026,54,621.37,WH-TEXAS
MM-1032,04/19/2026,125,4735.04,WH-OHIO
MM-1025,10/12/2025,312,9187.29,WH-NEVADA
MM-1000,09/14/2025,132,923.75,WH-OHIO
MM-1010,28-Sep-2025,100,2845.2,WH-TEXAS
MM-1015,10-May-2026,106,1219.0,WH-TEXAS
MM-1005,03/15/2026,103,495.55,WH-OHIO
MM-1019,05/17/2026,268,2348.39,WH-OHIO
MM-1009,03-Aug-2025,209,1831.97,WH-OHIO
MM-1020,11/16/25,131,611.41,WH-TEXAS
MM-1020,08-Mar-2026,102,459.79,WH-TEXAS
MM-1034,2026-03-15,51,2116.16,WH-NEVADA
MM-1024,03/08/26,119,296.95,WH-OHIO
MM-1010,2025-12-14,95,2617.8,WH-TEXAS
MM-1039,2026-03-22,119,283.23,WH-NEVADA
MM-1021,02-Nov-2025,56,94.36,WH-OHIO
MM-1011,03-May-2026,220,7184.9,WH-NEVADA
MM-1016,14-Dec-2025,101,1141.12,WH-TEXAS
MM-1037,2026-05-24,85,141.91,WH-TEXAS
MM-1019,02/08/26,175,1601.03,WH-OHIO
MM-1016,19-Oct-2025,91,1022.12,WH-TEXAS
MM-1012,08-Feb-2026,93,3187.26,WH-OHIO
MM-1015,2026-02-22,430,4760.28,WH-TEXAS
MM-1027,12/14/25,60,735.19,WH-OHIO
MM-1027,2025-08-24,109,1362.73,WH-OHIO
MM-1022,2026-03-29,85,214.45,WH-OHIO
MM-1008,05-Apr-2026,119,933.16,WH-OHIO
MM-1015,07/27/25,353,3898.57,WH-TEXAS
MM-1030,12/28/2025,120,5610.68,WH-OHIO
MM-1008,12/21/25,69,548.44,WH-OHIO
MM-1021,01/04/2026,69,116.28,WH-OHIO
MM-1017,2026-06-21,230,3971.14,WH-OHIO
MM-1016,11/16/2025,96,1083.33,WH-TEXAS
MM-1022,04/26/26,88,218.23,WH-OHIO
MM-1021,01/25/2026,82,138.17,WH-OHIO
MM-1004,2025-11-30,168,1141.96,WH-OHIO
MM-1029,04/05/2026,75,892.35,WH-TEXAS
MM-1030,09/14/2025,51,2327.41,WH-OHIO
MM-1034,01/04/26,46,1970.53,WH-NEVADA
MM-1034,05/31/2026,41,1724.48,WH-NEVADA
MM-1019,2026-06-07,248,2203.69,WH-OHIO
MM-1001,01/18/26,189,1215.0,WH-NEVADA
MM-1018,2026-01-25,206,1977.88,WH-OHIO
MM-1025,2026-01-11,178,5133.62,WH-NEVADA
MM-1015,08/24/25,244,2729.15,WH-TEXAS
MM-1030,08-Feb-2026,96,4468.42,WH-OHIO
MM-1001,2025-08-17,199,1280.44,WH-NEVADA
MM-1002,02/01/26,134,671.04,WH-NEVADA
MM-1024,2026-05-03,41,101.08,WH-OHIO
MM-1020,10-May-2026,75,341.41,WH-TEXAS
MM-1034,2025-11-02,34,1397.87,WH-NEVADA
MM-1018,2026-03-29,164,1557.45,WH-OHIO
MM-1011,2026-05-24,203,6483.87,WH-NEVADA
MM-1035,2026-05-17,156,303.64,WH-OHIO
MM-1008,12-Oct-2025,155,1223.16,WH-OHIO
MM-1009,13-Jul-2025,155,1359.97,WH-OHIO
MM-1022,08-Feb-2026,120,302.9,WH-OHIO
MM-1020,2025-08-10,113,516.75,WH-TEXAS
MM-1018,05/03/2026,140,1401.51,WH-OHIO
MM-1038,02/08/2026,256,286.99,WH-NEVADA
MM-1010,29-Mar-2026,99,2731.63,WH-TEXAS
MM-1029,28-Dec-2025,88,1049.99,WH-TEXAS
MM-1028,2026-04-05,102,1214.58,WH-OHIO
MM-1014,04/12/26,62,2622.58,WH-TEXAS
MM-1004,08/10/25,179,1248.45,WH-OHIO
MM-1024,07/05/26,50,121.04,WH-OHIO
MM-1000,04/05/26,155,1093.41,WH-OHIO
MM-1015,06/14/26,364,4147.76,WH-TEXAS
MM-1001,2026-04-05,195,1279.49,WH-NEVADA
MM-1039,11/16/25,88,210.37,WH-NEVADA
MM-1019,03/29/26,338,3123.81,WH-OHIO
MM-1026,03/08/2026,53,1234.33,WH-TEXAS
MM-1023,06/07/2026,68,113.13,WH-NEVADA
MM-1025,08/17/2025,247,7012.22,WH-NEVADA
MM-1026,05/24/2026,72,1752.13,WH-TEXAS
MM-1039,03/29/2026,124,291.01,WH-NEVADA
MM-1011,2026-04-19,241,7654.23,WH-NEVADA
MM-1008,2025-08-10,87,686.05,WH-OHIO
MM-1025,04/12/26,109,3085.3,WH-NEVADA
MM-1000,01/25/2026,155,1094.75,WH-OHIO
MM-1026,21-Sep-2025,72,1694.15,WH-TEXAS
MM-1036,02/22/2026,120,357.17,WH-OHIO
MM-1021,08/03/25,70,117.75,WH-OHIO
MM-1004,07/20/25,193,1332.21,WH-OHIO
MM-1027,2026-03-01,98,1239.83,WH-OHIO
MM-1025,06/21/26,216,6271.57,WH-NEVADA
MM-1020,2025-12-14,81,363.09,WH-TEXAS
MM-1011,2026-02-22,222,7223.43,WH-NEVADA
MM-1021,28-Sep-2025,47,79.25,WH-OHIO
MM-1023,07/05/2026,67,115.76,WH-NEVADA
MM-1022,04/05/26,124,304.05,WH-OHIO
MM-1013,11-Jan-2026,113,2793.64,WH-TEXAS
MM-1016,03/01/2026,127,1457.17,WH-TEXAS
MM-1014,05/17/2026,56,2397.23,WH-TEXAS
MM-1005,10/19/2025,102,494.64,WH-OHIO
MM-1016,2025-10-26,82,921.77,WH-TEXAS
MM-1039,2026-03-15,148,359.17,WH-NEVADA
MM-1025,24-Aug-2025,241,6876.34,WH-NEVADA
MM-1031,21-Jun-2026,66,1777.33,WH-NEVADA
MM-1035,28-Dec-2025,131,251.4,WH-OHIO
MM-1020,05/17/26,59,274.4,WH-TEXAS
MM-1026,2025-09-14,67,1585.75,WH-TEXAS
MM-1023,11/23/2025,67,111.66,WH-NEVADA
MM-1002,10-Aug-2025,120,584.99,WH-NEVADA
MM-1030,04/19/2026,57,2648.57,WH-OHIO
MM-1013,31-Aug-2025,138,3394.46,WH-TEXAS
MM-1025,2025-11-09,224,6692.37,WH-NEVADA
MM-1025,12/28/25,162,4611.02,WH-NEVADA
MM-1020,07/13/25,90,421.04,WH-TEXAS
MM-1021,17-Aug-2025,69,121.01,WH-OHIO
MM-1023,07/27/25,63,104.51,WH-NEVADA
MM-1026,03/15/26,61,1466.3,WH-TEXAS
MM-1027,07/20/2025,94,1201.25,WH-OHIO
MM-1029,07/13/2025,65,755.15,WH-TEXAS
MM-1019,31-May-2026,276,2475.58,WH-OHIO
MM-1034,08/24/25,59,2511.74,WH-NEVADA
MM-1019,2025-10-05,261,2408.06,WH-OHIO
MM-1016,11/09/25,86,981.23,WH-TEXAS
MM-1016,07/13/2025,77,896.06,WH-TEXAS
MM-1010,11/02/2025,82,2228.87,WH-TEXAS
MM-1005,2026-05-17,56,280.24,WH-OHIO
MM-1001,2025-12-21,151,1023.76,WH-NEVADA
MM-1010,08/24/25,115,3148.02,WH-TEXAS
MM-1009,09/14/25,231,2088.72,WH-OHIO
MM-1004,09/07/25,203,1360.5,WH-OHIO
MM-1022,14-Jun-2026,71,175.83,WH-OHIO
MM-1035,2025-09-28,174,335.73,WH-OHIO
MM-1027,02/08/26,235,2891.52,WH-OHIO
MM-1027,09/14/2025,67,843.05,WH-OHIO
MM-1013,2026-03-08,134,3238.64,WH-TEXAS
MM-1001,2025-09-14,190,1229.43,WH-NEVADA
MM-1019,03/08/2026,292,2685.27,WH-OHIO
MM-1029,04/26/26,84,975.58,WH-TEXAS
MM-1038,11/23/2025,181,213.82,WH-NEVADA
MM-1006,14-Jun-2026,252,1709.27,WH-TEXAS
MM-1000,03/22/26,153,1037.43,WH-OHIO
MM-1030,10/19/25,102,4580.59,WH-OHIO
MM-1014,06/21/2026,65,2688.51,WH-TEXAS
MM-1036,11/23/2025,90,266.52,WH-OHIO
MM-1034,07-Sep-2025,43,1833.46,WH-NEVADA
MM-1021,03/15/26,92,155.82,WH-OHIO
MM-1037,06/14/2026,89,146.99,WH-TEXAS
MM-1016,12/07/25,38,428.64,WH-TEXAS
MM-1004,2025-12-21,155,1041.82,WH-OHIO
MM-1020,02/01/26,165,752.42,WH-TEXAS
MM-1010,2025-11-16,64,1741.97,WH-TEXAS
MM-1015,2025-09-21,5,57.32,WH-TEXAS
MM-1016,2026-05-10,102,1175.68,WH-TEXAS
MM-1036,11/30/2025,67,196.63,WH-OHIO
MM-1016,2025-09-28,55,611.95,WH-TEXAS
MM-1009,01/11/26,172,1571.0,WH-OHIO
MM-1024,13-Jul-2025,102,258.02,WH-OHIO
MM-1018,04/12/2026,209,2045.94,WH-OHIO
MM-1029,2026-06-07,45,528.95,WH-TEXAS
MM-1014,2025-08-03,86,3561.01,WH-TEXAS
MM-1002,2025-09-21,230,1152.41,WH-NEVADA
MM-1009,02/15/26,254,2242.72,WH-OHIO
MM-1038,05/24/26,180,204.7,WH-NEVADA
MM-1021,01/18/26,79,134.93,WH-OHIO
MM-1013,2026-05-10,112,2739.48,WH-TEXAS
MM-1039,13-Jul-2025,110,260.9,WH-NEVADA
MM-1001,2026-03-29,182,1183.41,WH-NEVADA
MM-1019,2025-09-21,180,1608.3,WH-OHIO
MM-1030,16-Nov-2025,23,1035.07,WH-OHIO
MM-1038,05-Jul-2026,224,251.79,WH-NEVADA
MM-1016,22-Mar-2026,86,964.36,WH-TEXAS
MM-1011,04/12/26,151,4864.6,WH-NEVADA
MM-1027,01/04/2026,0,0.0,WH-OHIO
MM-1000,09/28/2025,64,441.95,WH-OHIO
MM-1009,09/21/25,188,1734.96,WH-OHIO
MM-1007,07/27/25,103,522.56,WH-TEXAS
MM-1023,2025-11-30,67,112.49,WH-NEVADA
MM-1025,03-May-2026,153,4478.14,WH-NEVADA
MM-1015,2026-01-04,115,1290.05,WH-TEXAS
MM-1033,2025-11-16,285,14257.09,WH-OHIO
MM-1038,11/02/2025,171,194.82,WH-NEVADA
MM-1015,12/28/2025,291,3370.82,WH-TEXAS
MM-1019,10/12/2025,148,1296.59,WH-OHIO
MM-1003,2026-05-03,117,617.7,WH-OHIO
MM-1020,08/17/25,102,476.06,WH-TEXAS
MM-1032,09-Nov-2025,175,6326.83,WH-OHIO
MM-1005,03/29/2026,57,279.63,WH-OHIO
MM-1008,07/20/25,141,1072.56,WH-OHIO
MM-1038,11/30/25,181,208.42,WH-NEVADA
MM-1022,05/24/26,67,167.85,WH-OHIO
MM-1012,08/10/2025,27,969.09,WH-OHIO
MM-1022,07-Dec-2025,82,209.82,WH-OHIO
MM-1016,05-Jul-2026,117,1354.87,WH-TEXAS
MM-1035,11/30/25,169,328.59,WH-OHIO
MM-1016,17-May-2026,84,983.64,WH-TEXAS
MM-1026,05/31/2026,58,1377.48,WH-TEXAS
MM-1026,08/03/25,89,2151.29,WH-TEXAS
MM-1029,07-Dec-2025,53,644.27,WH-TEXAS
MM-1008,30-Nov-2025,89,698.88,WH-OHIO
MM-1012,2025-09-21,52,1816.52,WH-OHIO
MM-1000,12/14/25,138,978.45,WH-OHIO
MM-1008,12/14/2025,49,374.31,WH-OHIO
MM-1027,11-Jan-2026,70,877.61,WH-OHIO
MM-1034,26-Oct-2025,43,1761.87,WH-NEVADA
MM-1008,08/24/2025,74,574.78,WH-OHIO
MM-1009,05/24/26,111,998.52,WH-OHIO
MM-1010,03/15/26,131,3639.99,WH-TEXAS
MM-1004,21-Jun-2026,125,850.23,WH-OHIO
MM-1020,07-Dec-2025,65,290.25,WH-TEXAS
MM-1026,01/18/26,89,2079.71,WH-TEXAS
MM-1032,03/22/26,223,8038.31,WH-OHIO
MM-1022,2025-11-09,72,183.82,WH-OHIO
MM-1039,2026-02-01,140,341.3,WH-NEVADA
MM-1001,04/26/2026,120,794.99,WH-NEVADA
MM-1022,10/19/2025,83,211.99,WH-OHIO
MM-1023,12/28/25,78,130.71,WH-NEVADA
MM-1023,31-May-2026,77,132.89,WH-NEVADA
MM-1032,18-Jan-2026,180,6750.04,WH-OHIO
MM-1028,2026-03-29,0,0.0,WH-OHIO
MM-1015,15-Feb-2026,139,1619.72,WH-TEXAS
MM-1036,2025-09-07,115,344.15,WH-OHIO
MM-1022,27-Jul-2025,107,274.37,WH-OHIO
MM-1002,06/21/2026,124,624.77,WH-NEVADA
MM-1024,20-Jul-2025,75,190.36,WH-OHIO
MM-1034,2026-06-21,40,1712.82,WH-NEVADA
MM-1007,31-Aug-2025,122,610.66,WH-TEXAS
MM-1018,08/03/25,164,1617.72,WH-OHIO
MM-1013,23-Nov-2025,98,2424.6,WH-TEXAS
MM-1015,2026-04-05,24,266.3,WH-TEXAS
MM-1026,10/05/2025,93,2200.58,WH-TEXAS
MM-1027,17-May-2026,40,503.07,WH-OHIO
MM-1034,2025-07-13,45,1920.34,WH-NEVADA
MM-1027,09/07/25,9,110.1,WH-OHIO
MM-1010,21-Jun-2026,94,2656.14,WH-TEXAS
MM-1012,28-Jun-2026,24,861.48,WH-OHIO
MM-1024,2026-05-10,53,128.79,WH-OHIO
MM-1024,07-Dec-2025,78,191.46,WH-OHIO
MM-1018,10/26/2025,165,1565.8,WH-OHIO
MM-1012,07/20/2025,52,1853.12,WH-OHIO
MM-1014,30-Nov-2025,68,2888.63,WH-TEXAS
MM-1029,08-Feb-2026,70,848.48,WH-TEXAS
MM-1036,08/03/2025,112,324.8,WH-OHIO
MM-1025,13-Jul-2025,137,3867.75,WH-NEVADA
MM-1018,2025-08-10,106,1029.68,WH-OHIO
MM-1002,05-Oct-2025,68,332.98,WH-NEVADA
MM-1016,21-Dec-2025,100,1152.67,WH-TEXAS
MM-1023,2026-03-15,102,176.9,WH-NEVADA
MM-1018,05/17/2026,174,1657.14,WH-OHIO
MM-1002,26-Oct-2025,144,695.69,WH-NEVADA
MM-1014,05/10/26,69,2902.77,WH-TEXAS
MM-1038,2026-05-03,224,253.75,WH-NEVADA
MM-1014,2025-12-14,73,3143.88,WH-TEXAS
MM-1008,15-Mar-2026,147,1139.81,WH-OHIO
MM-1005,06/14/26,46,224.53,WH-OHIO
MM-1014,05/03/26,55,2301.85,WH-TEXAS
MM-1020,24-May-2026,74,338.97,WH-TEXAS
MM-1018,03/22/26,239,2303.82,WH-OHIO
MM-1019,2026-01-25,90,802.53,WH-OHIO
MM-1000,31-May-2026,77,543.37,WH-OHIO
MM-1034,04/12/26,51,2112.01,WH-NEVADA
MM-1021,06/21/2026,84,141.35,WH-OHIO
MM-1019,2026-04-05,121,1122.54,WH-OHIO
MM-1017,2026-04-12,81,1373.38,WH-OHIO
MM-1026,11/23/2025,45,1044.44,WH-TEXAS
MM-1020,26-Oct-2025,67,297.61,WH-TEXAS
MM-1000,2025-08-10,96,678.31,WH-OHIO
MM-1022,09/14/2025,143,351.87,WH-OHIO
MM-1039,04/19/2026,104,251.95,WH-NEVADA
MM-1005,05/10/2026,75,364.72,WH-OHIO
MM-1032,28-Sep-2025,107,4022.6,WH-OHIO
MM-1036,04/26/26,71,202.5,WH-OHIO
MM-1010,17-Aug-2025,118,3372.18,WH-TEXAS
MM-1022,09/07/2025,107,270.25,WH-OHIO
MM-1023,02/15/26,106,180.82,WH-NEVADA
MM-1018,07/05/26,145,1404.39,WH-OHIO
MM-1036,08/24/25,109,313.87,WH-OHIO
MM-1007,2025-12-14,77,375.2,WH-TEXAS
MM-1029,03-May-2026,82,987.78,WH-TEXAS
MM-1031,2026-06-28,62,1651.15,WH-NEVADA
MM-1007,2026-02-15,104,529.46,WH-TEXAS
MM-1002,2026-05-24,135,684.79,WH-NEVADA
MM-1024,06/28/26,68,166.5,WH-OHIO
MM-1026,10/12/2025,48,1171.43,WH-TEXAS
MM-1013,2025-10-12,107,2559.38,WH-TEXAS
MM-1000,06/28/26,185,1294.46,WH-OHIO
MM-1030,06/28/2026,139,6422.9,WH-OHIO
MM-1016,14-Sep-2025,150,1715.4,WH-TEXAS
MM-1018,2026-06-07,207,1992.83,WH-OHIO
MM-1030,07/27/2025,71,3276.25,WH-OHIO
MM-1024,11/09/2025,69,172.93,WH-OHIO
MM-1025,2025-11-02,232,6676.57,WH-NEVADA
MM-1010,02/22/26,113,3227.63,WH-TEXAS
MM-1021,02/01/2026,99,174.72,WH-OHIO
MM-1014,04/19/2026,73,2997.62,WH-TEXAS
MM-1009,2025-10-12,202,1805.71,WH-OHIO
MM-1012,13-Jul-2025,77,2616.7,WH-OHIO
MM-1007,2026-04-05,98,487.67,WH-TEXAS
MM-1000,23-Nov-2025,138,959.6,WH-OHIO
MM-1015,11/23/2025,375,4176.42,WH-TEXAS
MM-1000,03/15/2026,51,363.1,WH-OHIO
MM-1020,05-Oct-2025,99,441.96,WH-TEXAS
MM-1018,26-Apr-2026,191,1873.19,WH-OHIO
MM-1036,28-Sep-2025,108,315.43,WH-OHIO
MM-1009,2025-12-07,137,1197.77,WH-OHIO
MM-1020,02/08/2026,129,571.48,WH-TEXAS
MM-1012,01/25/2026,77,2609.36,WH-OHIO
MM-1016,04/26/26,75,868.3,WH-TEXAS
MM-1023,11/02/25,67,113.47,WH-NEVADA
MM-1025,07/05/2026,125,3670.2,WH-NEVADA
MM-1005,2026-01-04,46,220.53,WH-OHIO
MM-1030,05/03/26,51,2362.2,WH-OHIO
MM-1024,02/01/2026,101,254.23,WH-OHIO
MM-1017,06/28/26,203,3466.28,WH-OHIO
MM-1035,11/02/2025,165,320.86,WH-OHIO
MM-1010,2026-07-05,111,2999.62,WH-TEXAS
MM-1002,2026-06-28,169,844.79,WH-NEVADA
MM-1021,11/23/25,43,73.04,WH-OHIO
MM-1019,10/26/2025,400,3657.44,WH-OHIO
MM-1028,04/19/2026,70,843.89,WH-OHIO
MM-1014,05-Oct-2025,76,3205.63,WH-TEXAS
MM-1015,11/30/25,168,1954.08,WH-TEXAS
MM-1032,2025-08-03,88,3251.06,WH-OHIO
MM-1013,07-Sep-2025,126,3154.18,WH-TEXAS
MM-1038,2026-05-10,224,251.23,WH-NEVADA
MM-1000,2025-11-09,154,1071.03,WH-OHIO
MM-1002,21-Dec-2025,105,503.51,WH-NEVADA
MM-1029,12/21/25,48,557.07,WH-TEXAS
MM-1027,25-Jan-2026,108,1330.03,WH-OHIO
MM-1039,06/07/2026,107,247.33,WH-NEVADA
MM-1020,2026-03-29,132,601.39,WH-TEXAS
MM-1021,04/05/2026,77,134.69,WH-OHIO
MM-1039,10-May-2026,113,268.61,WH-NEVADA
MM-1004,12/14/25,135,910.13,WH-OHIO
MM-1024,04/26/2026,59,148.46,WH-OHIO
MM-1021,28-Jun-2026,75,126.42,WH-OHIO
MM-1039,03/08/2026,129,307.36,WH-NEVADA
MM-1033,05/10/26,0,0.0,WH-OHIO
MM-1013,24-May-2026,129,3090.62,WH-TEXAS
MM-1004,10/05/25,178,1189.25,WH-OHIO
MM-1007,2025-11-23,70,352.1,WH-TEXAS
MM-1011,03/29/26,169,5510.62,WH-NEVADA
MM-1034,01/18/2026,43,1757.89,WH-NEVADA
MM-1034,19-Apr-2026,49,2009.6,WH-NEVADA
MM-1039,12/28/2025,109,254.41,WH-NEVADA
MM-1033,04-Jan-2026,196,10174.08,WH-OHIO
MM-1012,2025-08-24,22,757.8,WH-OHIO
MM-1035,11/30/25,169,328.59,WH-OHIO
MM-1023,2025-12-21,65,111.78,WH-NEVADA
MM-1010,05-Apr-2026,104,2825.95,WH-TEXAS
MM-1003,04/19/2026,133,666.89,WH-OHIO
MM-1026,05/10/26,100,2407.16,WH-TEXAS
MM-1025,31-May-2026,0,0.0,WH-NEVADA
MM-1000,11/02/25,137,949.69,WH-OHIO
MM-1023,01/11/26,96,164.95,WH-NEVADA
MM-1039,06/28/26,112,267.02,WH-NEVADA
MM-1012,29-Mar-2026,53,1880.9,WH-OHIO
MM-1014,05/24/2026,48,1969.77,WH-TEXAS
MM-1033,10/05/2025,439,22243.47,WH-OHIO
MM-1022,2026-01-04,85,212.97,WH-OHIO
MM-1035,2026-06-14,130,253.31,WH-OHIO
MM-1021,2025-11-09,56,94.44,WH-OHIO
MM-1038,2025-12-14,209,233.93,WH-NEVADA
MM-1007,20-Jul-2025,88,425.98,WH-TEXAS
MM-1018,28-Sep-2025,228,2265.26,WH-OHIO
MM-1033,10/12/25,195,10270.93,WH-OHIO
MM-1005,08/17/2025,89,422.97,WH-OHIO
MM-1000,2026-01-11,121,862.86,WH-OHIO
MM-1035,19-Apr-2026,181,351.73,WH-OHIO
MM-1009,07/05/26,138,1241.02,WH-OHIO
MM-1039,01/25/26,120,287.69,WH-NEVADA
MM-1030,2025-10-12,0,0.0,WH-OHIO
MM-1005,09/14/25,74,369.53,WH-OHIO
MM-1000,03/29/2026,183,1282.05,WH-OHIO
MM-1016,02/22/26,72,828.18,WH-TEXAS
MM-1022,07/05/2026,105,269.83,WH-OHIO
MM-1030,12/21/25,11,512.41,WH-OHIO
MM-1010,02/15/26,104,2884.5,WH-TEXAS
MM-1034,28-Dec-2025,39,1649.43,WH-NEVADA
MM-1039,2026-05-31,96,228.62,WH-NEVADA
MM-1015,12/14/25,0,0.0,WH-TEXAS
MM-1037,04/12/2026,90,153.06,WH-TEXAS
MM-1014,11-Jan-2026,71,2975.53,WH-TEXAS
MM-1034,2026-05-10,43,1819.8,WH-NEVADA
MM-1026,2025-11-16,46,1061.57,WH-TEXAS
MM-1025,07-Sep-2025,102,2915.89,WH-NEVADA
MM-1030,04/26/2026,23,1090.0,WH-OHIO
MM-1038,2025-08-03,205,235.72,WH-NEVADA
MM-1027,06/21/2026,176,2148.85,WH-OHIO
MM-1036,03/08/26,105,311.96,WH-OHIO
MM-1018,19-Oct-2025,124,1241.8,WH-OHIO
MM-1003,05/10/2026,203,1071.25,WH-OHIO
MM-1021,10/19/25,63,110.72,WH-OHIO
MM-1025,03/22/2026,243,6909.66,WH-NEVADA
MM-1018,03/15/26,178,1682.25,WH-OHIO
MM-1034,2025-10-19,47,2019.32,WH-NEVADA
MM-1019,2026-04-12,278,2443.65,WH-OHIO
MM-1020,2025-12-21,88,390.0,WH-TEXAS
MM-1002,14-Jun-2026,37,187.48,WH-NEVADA
MM-1036,05/31/2026,88,266.28,WH-OHIO
MM-1035,05/31/2026,174,323.93,WH-OHIO
MM-1011,28-Jun-2026,173,5417.99,WH-NEVADA
MM-1024,29-Mar-2026,75,190.66,WH-OHIO
MM-1026,06/28/2026,47,1095.9,WH-TEXAS
MM-1033,28-Jun-2026,275,14468.68,WH-OHIO
MM-1001,07/05/2026,161,1087.79,WH-NEVADA
MM-1032,10/26/2025,232,8430.65,WH-OHIO
MM-1032,10/12/2025,113,4037.27,WH-OHIO
MM-1013,04-Jan-2026,102,2481.91,WH-TEXAS
MM-1035,05-Apr-2026,138,260.84,WH-OHIO
MM-1024,05/24/2026,90,218.93,WH-OHIO
MM-1001,20-Jul-2025,148,963.73,WH-NEVADA
MM-1002,06/07/2026,120,605.92,WH-NEVADA
MM-1009,11/09/2025,127,1132.23,WH-OHIO
MM-1039,21-Dec-2025,95,227.69,WH-NEVADA
MM-1004,04/12/26,126,838.15,WH-OHIO
MM-1038,02/22/2026,247,277.15,WH-NEVADA
MM-1024,2025-12-28,58,139.56,WH-OHIO
MM-1035,21-Dec-2025,142,277.84,WH-OHIO
MM-1000,09/07/25,208,1440.3,WH-OHIO
MM-1022,11/30/2025,57,145.06,WH-OHIO
MM-1036,21-Sep-2025,131,375.01,WH-OHIO
MM-1023,10/19/25,76,128.25,WH-NEVADA
MM-1010,19-Oct-2025,98,2747.39,WH-TEXAS
MM-1005,01-Mar-2026,92,454.3,WH-OHIO
MM-1029,08/10/25,109,1268.73,WH-TEXAS
MM-1020,08/24/25,193,881.51,WH-TEXAS
MM-1035,09/14/2025,208,401.67,WH-OHIO
MM-1019,05/03/26,348,3202.62,WH-OHIO
MM-1038,2026-01-18,195,220.48,WH-NEVADA
MM-1014,2025-09-21,81,3377.16,WH-TEXAS
MM-1008,09/28/2025,103,809.03,WH-OHIO
MM-1034,03/08/2026,46,1874.23,WH-NEVADA
MM-1005,03-May-2026,66,328.47,WH-OHIO
MM-1028,2026-06-28,78,932.95,WH-OHIO
MM-1032,09/07/2025,137,5101.68,WH-OHIO
MM-1002,2026-05-31,180,886.2,WH-NEVADA
MM-1010,03/08/26,91,2526.91,WH-TEXAS
MM-1014,2026-01-18,79,3376.94,WH-TEXAS
MM-1012,14-Dec-2025,58,2046.73,WH-OHIO
MM-1002,2026-02-15,183,893.45,WH-NEVADA
MM-1012,04/26/26,54,1932.78,WH-OHIO
MM-1020,2026-04-05,82,379.67,WH-TEXAS
MM-1010,06/28/26,73,2032.61,WH-TEXAS
MM-1036,2025-12-28,99,293.55,WH-OHIO
MM-1025,12/07/2025,137,3878.79,WH-NEVADA
MM-1002,05/03/26,154,750.45,WH-NEVADA
MM-1034,22-Mar-2026,49,2020.49,WH-NEVADA
MM-1039,09/21/25,96,231.27,WH-NEVADA
MM-1009,02-Nov-2025,159,1453.03,WH-OHIO
MM-1021,10/05/2025,65,110.3,WH-OHIO
MM-1038,16-Nov-2025,166,190.12,WH-NEVADA
MM-1014,2026-05-31,56,2352.41,WH-TEXAS
MM-1029,21-Jun-2026,114,1323.36,WH-TEXAS
MM-1010,01/04/26,83,2311.36,WH-TEXAS
MM-1029,01/11/2026,56,647.29,WH-TEXAS
MM-1004,11/16/2025,159,1054.54,WH-OHIO
MM-1024,06/21/26,41,101.34,WH-OHIO
MM-1026,2025-12-28,58,1419.66,WH-TEXAS
MM-1013,07-Jun-2026,93,2316.17,WH-TEXAS
MM-1002,12-Apr-2026,143,691.35,WH-NEVADA
MM-1016,08-Mar-2026,115,1311.79,WH-TEXAS
MM-1034,2025-07-27,52,2211.95,WH-NEVADA
MM-1021,04/12/26,67,115.34,WH-OHIO
MM-1004,02/01/2026,252,1727.51,WH-OHIO
MM-1019,05/24/26,305,2709.34,WH-OHIO
MM-1006,21-Jun-2026,106,719.87,WH-TEXAS
MM-1007,2025-09-28,105,535.94,WH-TEXAS
MM-1036,2026-03-15,122,368.35,WH-OHIO
MM-1009,10/19/2025,178,1551.95,WH-OHIO
MM-1002,16-Nov-2025,161,776.66,WH-NEVADA
MM-1026,31-Aug-2025,64,1537.26,WH-TEXAS
MM-1004,03/08/2026,223,1486.71,WH-OHIO
MM-1032,02/22/26,264,9561.62,WH-OHIO
MM-1018,2026-06-21,196,1864.85,WH-OHIO
MM-1005,11-Jan-2026,72,362.47,WH-OHIO
MM-1032,09/14/25,157,5652.62,WH-OHIO
MM-1038,2026-04-05,228,256.88,WH-NEVADA
MM-1038,07-Dec-2025,208,233.12,WH-NEVADA
MM-1025,03-Aug-2025,237,6764.91,WH-NEVADA
MM-1031,2026-06-07,55,1497.66,WH-NEVADA
MM-1008,06/28/26,54,427.62,WH-OHIO
MM-1035,02/01/26,197,376.51,WH-OHIO
MM-1019,11/02/2025,215,1972.83,WH-OHIO
MM-1035,2025-08-17,189,359.33,WH-OHIO
MM-1004,07/05/26,164,1108.19,WH-OHIO
MM-1014,01/25/26,74,3164.45,WH-TEXAS
MM-1000,07/20/2025,184,1242.63,WH-OHIO
MM-1002,09/07/2025,107,515.47,WH-NEVADA
MM-1015,03/01/26,97,1103.33,WH-TEXAS
MM-1038,06/21/26,226,260.07,WH-NEVADA
MM-1021,14-Sep-2025,73,125.77,WH-OHIO
MM-1035,12/14/25,180,349.1,WH-OHIO
MM-1030,03/15/26,184,8629.65,WH-OHIO
MM-1030,2026-03-08,237,10938.48,WH-OHIO
MM-1034,07/20/2025,45,1911.88,WH-NEVADA
MM-1027,2026-04-19,225,2722.42,WH-OHIO
MM-1036,12/07/25,97,284.15,WH-OHIO
MM-1010,03-Aug-2025,106,2894.0,WH-TEXAS
MM-1033,04/19/2026,18,927.15,WH-OHIO
MM-1024,05-Apr-2026,97,232.86,WH-OHIO
MM-1027,10-Aug-2025,56,718.0,WH-OHIO
MM-1038,2025-08-24,185,208.64,WH-NEVADA
MM-1030,12/14/25,61,2895.3,WH-OHIO
MM-1014,2026-06-28,74,3141.19,WH-TEXAS
MM-1036,24-May-2026,41,123.97,WH-OHIO
MM-1027,08/17/25,22,275.86,WH-OHIO
MM-1035,05/10/26,146,286.58,WH-OHIO
MM-1007,2026-03-15,102,494.74,WH-TEXAS
MM-1014,15-Mar-2026,84,3466.81,WH-TEXAS
MM-1032,08/10/25,385,14323.16,WH-OHIO
MM-1032,21-Jun-2026,6,221.65,WH-OHIO
MM-1015,05/17/26,112,1246.28,WH-TEXAS
MM-1030,08/31/25,126,5757.81,WH-OHIO
MM-1027,15-Feb-2026,174,2228.12,WH-OHIO
MM-1021,2026-02-08,73,122.68,WH-OHIO
MM-1014,10/19/2025,84,3532.0,WH-TEXAS
MM-1014,2025-11-23,58,2488.88,WH-TEXAS
MM-1028,03/15/26,108,1334.18,WH-OHIO
MM-1030,01/04/2026,47,2168.78,WH-OHIO
MM-1030,01-Mar-2026,14,649.73,WH-OHIO
MM-1026,14-Jun-2026,22,508.03,WH-TEXAS
MM-1039,22-Feb-2026,131,304.21,WH-NEVADA
MM-1027,07/27/25,71,876.68,WH-OHIO
MM-1033,2025-11-02,178,9120.0,WH-OHIO
MM-1029,06/14/2026,92,1110.15,WH-TEXAS
MM-1033,2026-06-21,286,15068.25,WH-OHIO
MM-1029,02/15/26,111,1277.31,WH-TEXAS
MM-1039,31-Aug-2025,129,313.46,WH-NEVADA
MM-1038,03/29/26,204,234.53,WH-NEVADA
MM-1037,2026-05-17,96,164.82,WH-TEXAS
MM-1018,2025-09-14,184,1815.47,WH-OHIO
MM-1014,02/22/26,105,4501.73,WH-TEXAS
MM-1022,16-Nov-2025,58,144.6,WH-OHIO
MM-1036,06/14/26,74,212.89,WH-OHIO
MM-1012,06/07/26,43,1538.25,WH-OHIO
MM-1015,2025-11-02,144,1665.94,WH-TEXAS
MM-1013,02-Nov-2025,124,3103.29,WH-TEXAS
MM-1024,09/28/2025,99,248.34,WH-OHIO
MM-1027,2025-10-26,181,2271.46,WH-OHIO
MM-1025,03/01/26,132,3882.57,WH-NEVADA
MM-1012,2025-10-12,56,2007.06,WH-OHIO
MM-1023,12-Oct-2025,95,162.33,WH-NEVADA
MM-1012,02/15/26,38,1359.35,WH-OHIO
MM-1025,05/24/2026,212,6337.94,WH-NEVADA
MM-1016,02/15/2026,133,1504.38,WH-TEXAS
MM-1037,06/07/2026,94,159.44,WH-TEXAS
MM-1031,07/05/2026,45,1223.77,WH-NEVADA
MM-1010,05/31/26,96,2686.27,WH-TEXAS
MM-1001,2026-05-10,132,868.53,WH-NEVADA
MM-1022,01/11/2026,88,222.89,WH-OHIO
MM-1013,2025-07-27,103,2505.4,WH-TEXAS
MM-1027,2025-10-05,125,1578.39,WH-OHIO
MM-1016,2026-01-04,113,1306.92,WH-TEXAS
MM-1019,04-Jan-2026,95,844.34,WH-OHIO
MM-1035,10/19/2025,203,393.65,WH-OHIO
MM-1033,2025-07-27,223,11702.3,WH-OHIO
MM-1020,20-Jul-2025,81,378.89,WH-TEXAS
MM-1034,05/24/2026,51,2087.78,WH-NEVADA
MM-1022,05/17/2026,74,189.87,WH-OHIO
MM-1004,04/05/26,164,1089.28,WH-OHIO
MM-1009,08/24/25,181,1654.12,WH-OHIO
MM-1018,2025-09-07,123,1194.2,WH-OHIO
MM-1019,2026-02-22,266,2401.24,WH-OHIO
MM-1009,2025-09-28,194,1696.02,WH-OHIO
MM-1016,21-Jun-2026,84,986.83,WH-TEXAS
MM-1036,06/28/2026,86,259.28,WH-OHIO
MM-1026,04/26/2026,42,1004.56,WH-TEXAS
MM-1022,2026-03-08,136,344.64,WH-OHIO
MM-1014,02/01/2026,79,3273.03,WH-TEXAS
MM-1038,02/01/2026,291,344.28,WH-NEVADA
MM-1013,07/05/26,89,2175.45,WH-TEXAS
MM-1021,11/16/2025,52,92.58,WH-OHIO
MM-1034,04/05/26,41,1697.02,WH-NEVADA
MM-1016,09/07/2025,138,1579.85,WH-TEXAS
MM-1015,2025-11-16,189,2175.33,WH-TEXAS
MM-1001,05/31/2026,126,837.93,WH-NEVADA
MM-1018,11/16/25,166,1594.36,WH-OHIO
MM-1035,12-Oct-2025,190,368.53,WH-OHIO
MM-1009,2025-11-30,129,1131.14,WH-OHIO
MM-1011,05/10/26,206,6516.43,WH-NEVADA
MM-1023,04-Jan-2026,88,145.39,WH-NEVADA
MM-1023,09/21/2025,79,135.36,WH-NEVADA
MM-1020,2026-04-12,108,489.31,WH-TEXAS
MM-1017,2026-05-24,96,1605.43,WH-OHIO
MM-1004,02/22/2026,237,1635.67,WH-OHIO
MM-1002,02/08/2026,157,767.82,WH-NEVADA
MM-1023,08/17/25,83,138.69,WH-NEVADA
MM-1000,19-Apr-2026,124,874.12,WH-OHIO
MM-1022,2025-12-21,63,159.14,WH-OHIO
MM-1005,2025-09-21,110,527.02,WH-OHIO
MM-1033,03/01/2026,222,11430.32,WH-OHIO
MM-1008,17-May-2026,41,314.01,WH-OHIO
MM-1007,08/24/25,116,574.72,WH-TEXAS
MM-1009,02/22/26,224,2007.54,WH-OHIO
MM-1037,06/21/2026,77,128.16,WH-TEXAS
MM-1009,2025-08-17,218,1972.44,WH-OHIO
MM-1013,2026-02-15,90,2225.52,WH-TEXAS
MM-1033,2026-05-03,0,0.0,WH-OHIO
MM-1025,10/05/2025,162,4798.35,WH-NEVADA
MM-1023,04/19/2026,87,151.39,WH-NEVADA
MM-1033,26-Oct-2025,138,7209.34,WH-OHIO
MM-1014,03/08/26,83,3515.13,WH-TEXAS
MM-1025,07/27/2025,341,9787.38,WH-NEVADA
MM-1029,05/17/26,75,912.36,WH-TEXAS
MM-1012,09/14/2025,51,1813.56,WH-OHIO
MM-1001,10/05/25,183,1213.63,WH-NEVADA
MM-1000,10/19/2025,121,849.1,WH-OHIO
MM-1025,02/08/2026,31,915.08,WH-NEVADA
MM-1023,11/16/2025,64,107.99,WH-NEVADA
MM-1011,03/01/2026,175,5614.01,WH-NEVADA
MM-1008,05/24/26,72,553.08,WH-OHIO
MM-1004,2025-11-23,131,901.95,WH-OHIO
MM-1016,05/31/26,104,1188.79,WH-TEXAS
MM-1004,06/14/26,145,989.73,WH-OHIO
MM-1018,08/17/25,251,2414.71,WH-OHIO
MM-1023,08-Feb-2026,105,183.81,WH-NEVADA
MM-1019,04/19/26,199,1742.88,WH-OHIO
MM-1008,03-Aug-2025,129,1029.02,WH-OHIO
MM-1016,07/27/25,68,779.92,WH-TEXAS
MM-1007,2025-10-12,82,397.88,WH-TEXAS
MM-1038,12/28/25,186,208.6,WH-NEVADA
MM-1022,2025-12-14,57,140.71,WH-OHIO
MM-1027,28-Dec-2025,142,1780.74,WH-OHIO
MM-1033,08/10/25,73,3870.04,WH-OHIO
MM-1010,2025-11-09,74,2013.33,WH-TEXAS
MM-1029,2025-11-30,41,473.72,WH-TEXAS
MM-1018,02/01/26,237,2321.84,WH-OHIO
MM-1005,21-Jun-2026,32,160.03,WH-OHIO
MM-1022,07/20/25,111,280.65,WH-OHIO
MM-1004,03/01/2026,195,1306.69,WH-OHIO
MM-1003,05/17/2026,232,1211.13,WH-OHIO
MM-1034,2026-06-07,52,2191.72,WH-NEVADA
MM-1016,10/05/25,115,1340.36,WH-TEXAS
MM-1009,26-Oct-2025,165,1465.39,WH-OHIO
MM-1015,29-Mar-2026,151,1693.53,WH-TEXAS
MM-1033,11/30/2025,57,2938.88,WH-OHIO
MM-1024,2026-02-15,66,166.48,WH-OHIO
MM-1013,08/10/25,109,2700.13,WH-TEXAS
MM-1030,12-Apr-2026,117,5262.17,WH-OHIO
MM-1022,01/18/2026,96,245.12,WH-OHIO
MM-1022,2026-02-15,85,216.5,WH-OHIO
MM-1030,2026-03-29,105,4978.72,WH-OHIO
MM-1035,20-Jul-2025,222,435.53,WH-OHIO
MM-1024,08/24/25,102,251.89,WH-OHIO
MM-1004,03/29/26,211,1480.89,WH-OHIO
MM-1000,08-Mar-2026,152,1054.38,WH-OHIO
MM-1017,26-Apr-2026,102,1736.4,WH-OHIO
MM-1011,06/21/26,231,7404.18,WH-NEVADA
MM-1032,12/07/2025,223,8442.14,WH-OHIO
MM-1032,06/14/2026,120,4502.45,WH-OHIO
MM-1039,06/21/26,98,237.38,WH-NEVADA
MM-1030,10/26/2025,25,1127.14,WH-OHIO
MM-1001,04/12/26,171,1135.99,WH-NEVADA
MM-1029,04/19/2026,78,928.13,WH-TEXAS
MM-1020,08/31/2025,84,372.08,WH-TEXAS
MM-1013,03-Aug-2025,105,2607.25,WH-TEXAS
MM-1029,31-May-2026,55,637.02,WH-TEXAS
MM-1017,05/03/2026,245,4112.28,WH-OHIO
MM-1005,12/07/2025,39,193.09,WH-OHIO
MM-1000,2025-10-12,161,1105.78,WH-OHIO
MM-1007,01-Mar-2026,106,525.46,WH-TEXAS
MM-1013,04/12/2026,110,2745.29,WH-TEXAS
MM-1009,07/20/25,213,1922.18,WH-OHIO
MM-1027,05/31/2026,77,937.0,WH-OHIO
MM-1003,06/28/26,14,73.0,WH-OHIO
MM-1019,07/27/25,48,429.62,WH-OHIO
MM-1000,11/30/2025,112,767.4,WH-OHIO
MM-1014,03/01/26,81,3307.11,WH-TEXAS
MM-1033,2026-01-25,472,23770.96,WH-OHIO
MM-1025,08/10/25,227,6687.62,WH-NEVADA
MM-1033,06/14/26,235,12463.14,WH-OHIO
MM-1018,05/24/26,87,871.28,WH-OHIO
MM-1027,11/02/25,168,2062.44,WH-OHIO
MM-1035,24-Aug-2025,174,323.31,WH-OHIO
MM-1013,07/20/25,133,3233.85,WH-TEXAS
MM-1039,15-Feb-2026,112,263.45,WH-NEVADA
MM-1015,12/07/25,103,1175.44,WH-TEXAS
MM-1021,10/26/2025,44,78.03,WH-OHIO
MM-1004,2025-12-07,118,818.12,WH-OHIO
MM-1021,03/01/26,85,149.66,WH-OHIO
MM-1015,03/08/2026,259,2954.91,WH-TEXAS
MM-1033,11/23/25,144,7523.29,WH-OHIO
MM-1038,10-Aug-2025,236,264.45,WH-NEVADA
MM-1011,07/05/26,240,7610.56,WH-NEVADA
MM-1023,03/22/26,125,208.61,WH-NEVADA
MM-1010,03/22/2026,113,3157.32,WH-TEXAS
MM-1035,2025-07-13,194,361.53,WH-OHIO
MM-1019,2025-11-16,171,1560.45,WH-OHIO
MM-1016,02/08/26,79,928.21,WH-TEXAS
MM-1005,02/22/26,62,304.9,WH-OHIO
MM-1000,2025-12-07,144,981.52,WH-OHIO
MM-1029,10/19/25,51,616.73,WH-TEXAS
MM-1010,2025-12-07,96,2600.48,WH-TEXAS
MM-1025,03/08/2026,150,4495.49,WH-NEVADA
MM-1006,05/31/2026,188,1298.51,WH-TEXAS
MM-1021,2025-10-12,65,111.02,WH-OHIO
MM-1026,26-Oct-2025,26,600.74,WH-TEXAS
MM-1008,2026-07-05,120,913.34,WH-OHIO
MM-1018,2025-11-23,75,744.89,WH-OHIO
MM-1032,2025-08-31,22,800.82,WH-OHIO
MM-1033,15-Mar-2026,322,16334.83,WH-OHIO
MM-1008,14-Sep-2025,137,1036.46,WH-OHIO
MM-1017,03/15/26,274,4599.65,WH-OHIO
MM-1029,14-Sep-2025,70,841.23,WH-TEXAS
MM-1036,21-Jun-2026,60,176.57,WH-OHIO
MM-1002,2026-01-11,38,182.67,WH-NEVADA
MM-1036,2026-07-05,17,49.41,WH-OHIO
MM-1019,2026-03-01,224,2051.41,WH-OHIO
MM-1024,2026-01-04,39,96.14,WH-OHIO
MM-1030,2025-12-07,68,3226.02,WH-OHIO
MM-1001,03/15/26,190,1244.89,WH-NEVADA
MM-1033,07/13/25,460,24134.34,WH-OHIO
MM-1007,06/14/26,69,339.0,WH-TEXAS
MM-1026,05-Apr-2026,72,1734.35,WH-TEXAS
MM-1010,01/25/26,112,3061.78,WH-TEXAS
MM-1002,11/09/2025,82,412.48,WH-NEVADA
MM-1036,2025-07-27,83,248.1,WH-OHIO
MM-1022,06/28/2026,86,219.1,WH-OHIO
MM-1038,12/21/2025,190,218.41,WH-NEVADA
MM-1023,21-Jun-2026,84,141.53,WH-NEVADA
MM-1024,02/22/26,89,220.92,WH-OHIO
MM-1027,05/10/26,91,1131.19,WH-OHIO
MM-1019,14-Dec-2025,278,2431.76,WH-OHIO
MM-1032,01-Feb-2026,184,6610.82,WH-OHIO
MM-1024,2026-01-25,60,148.21,WH-OHIO
